source,article_index,title,link,time,category,tokens_no_stop,positive_hits,negative_hits,sentiment_score,sentiment_label
Rbc,1,Десятки окупантів на Сумщині лізли в тил десантникам через газову трубу (відео),https://www.rbc.ua/rus/news/desyatki-okupantiv-sumshchini-lizli-til-desantnikam-1776162940.html,2026-04-14T13:37+02:00,,133,0,2,-0.015038,negative
Rbc,2,ДТЕК став переможцем конкурсу соціальних ініціатив за підтримку ветеранів з інвалідністю,https://www.rbc.ua/rus/news/dtek-stav-peremozhtsem-konkursu-sotsialnih-1776161958.html,2026-04-14T13:19+02:00,,118,2,0,0.016949,positive
Rbc,3,"Місцями до +17: синоптик пояснила, як змінить погоду в Україні завтра антициклон Quirin",https://www.rbc.ua/rus/news/mistsyami-17-sinoptik-poyasnila-k-zminit-1776160496.html,2026-04-14T13:12+02:00,,164,0,0,0.0,neutral
Rbc,4,Росія вдарила КАБами по Печенізькій дамбі - критично важливому об'єкту,https://www.rbc.ua/rus/news/rosiya-vdarila-kabami-pechenizkiy-dambi-kritichno-1776160764.html,2026-04-14T13:08+02:00,,184,1,5,-0.021739,negative
Rbc,5,На ЗАЕС відновили живлення після повного блекауту: як довго він тривав,https://www.rbc.ua/rus/news/zaes-vidnovili-zhivlennya-pislya-povnogo-1776160481.html,2026-04-14T12:55+02:00,,125,1,0,0.008,positive
Rbc,6,"Найдивніша помилка Трампа. Сенатор назвав зняття санкцій з РФ ""винагородою Путіну""",https://www.rbc.ua/rus/news/naydivnisha-pomilka-trampa-senator-nazvav-1776158363.html,2026-04-14T12:38+02:00,,176,0,5,-0.028409,negative
Rbc,7,Україна відкрила перший агрохаб в Африці: Свириденко назвала країну,https://www.rbc.ua/rus/news/ukrayina-vidkrila-pershiy-agrohab-afritsi-1776158663.html,2026-04-14T12:25+02:00,,192,7,0,0.036458,positive
Rbc,8,Угорщина змінює курс щодо України та санкцій проти РФ: Мадяр назвав свої перші кроки,https://www.rbc.ua/rus/news/ugorshchina-zminyue-kurs-shchodo-ukrayini-1776157676.html,2026-04-14T12:15+02:00,,184,0,2,-0.01087,negative
Rbc,9,Дизель різко подорожчав: порівняння цін на АЗС 14 квітня та де заправитись дешевше,https://www.rbc.ua/rus/news/dizel-rizko-podorozhchav-porivnyannya-tsin-1776157136.html,2026-04-14T12:00+02:00,,159,2,0,0.012579,positive
Rbc,10,Підсанкційний китайський танкер перетнув Ормузьку протоку попри блокаду,https://www.rbc.ua/rus/news/pidsanktsiyniy-kitayskiy-tanker-peretnuv-1776156148.html,2026-04-14T11:54+02:00,,168,0,7,-0.041667,negative
Rbc,11,У ЄС бояться нових членів: Politico назвало головних противників вступу України,https://www.rbc.ua/rus/news/es-boyatsya-novih-chleniv-politico-nazvalo-1776155619.html,2026-04-14T11:41+02:00,,339,3,0,0.00885,positive
Rbc,12,У магазинах U420 проводять обшуки: що відомо,https://www.rbc.ua/rus/news/magazinah-u420-provodyat-obshuki-shcho-vidomo-1776155337.html,2026-04-14T11:30+02:00,,150,1,0,0.006667,positive
Rbc,13,100 днів Буданова на Банковій: журналісти оцінили зміни в Офісі президента,https://www.rbc.ua/rus/news/100-dniv-budanova-bankoviy-zhurnalisti-otsinili-1776152923.html,2026-04-14T11:08+02:00,,336,9,0,0.026786,positive
Rbc,14,Уроки енергокризи: про що говоритимуть на UCSC TALKS 2026 і як долучитися до події,https://www.rbc.ua/rus/news/uroki-energokrizi-shcho-govoritimut-ucsc-1776096745.html,2026-04-14T10:50+02:00,,269,0,0,0.0,neutral
Rbc,15,"Підготовка до опалювального сезону: Зеленський назвав ""проблемні"" регіони",https://www.rbc.ua/rus/news/pidgotovka-opalyuvalnogo-sezonu-zelenskiy-1776152305.html,2026-04-14T10:39+02:00,,163,5,1,0.02454,positive
Rbc,16,Військовий збір залишиться і після війни: Зеленський підписав закон,https://www.rbc.ua/rus/news/viyskoviy-zbir-zalishitsya-i-pislya-viyni-1776151518.html,2026-04-14T10:28+02:00,,207,2,1,0.004831,positive
Rbc,17,У Росії скоротився набір контрактників на війну в Україні: ISW назвав причини,https://www.rbc.ua/rus/news/rosiyi-skorotivsya-nabir-kontraktnikiv-viynu-1776150350.html,2026-04-14T10:21+02:00,,210,1,6,-0.02381,negative
Rbc,18,"Долар зростає, а євро завмер: курс валют в обмінниках та банках на 14 квітня",https://www.rbc.ua/rus/news/dolar-zrostae-evro-zavmer-kurs-valyut-obminnikah-1776150500.html,2026-04-14T10:10+02:00,,203,0,0,0.0,neutral
Rbc,19,Поважають в США і в Росії: Bloomberg розкрило стиль Буданова в переговорах,https://www.rbc.ua/rus/news/povazhayut-ssha-i-rosiyi-bloomberg-rozkrilo-1776150437.html,2026-04-14T10:08+02:00,,220,1,1,0.0,neutral
Rbc,20,"У Чернігові ""Шахед"" поцілив в адмінбудівлю в центрі міста",https://www.rbc.ua/rus/news/chernigovi-shahed-potsiliv-adminbudivlyu-1776149639.html,2026-04-14T09:54+02:00,,190,1,5,-0.021053,negative
Rbc,21,"У Броварах пролунав вибух: імовірно, стався теракт",https://www.rbc.ua/rus/news/brovarah-stavsya-vibuh-privatnomu-sektori-1776147845.html,2026-04-14T09:26+02:00,,123,0,8,-0.065041,negative
Rbc,22,"Запорізька АЕС залишилась без електропостачання, - МАГАТЕ",https://www.rbc.ua/rus/news/zaporizka-aes-zalishilas-elektropostachannya-1776146433.html,2026-04-14T09:01+02:00,,153,2,1,0.006536,positive
Rbc,23,"Росія атакувала ракетами та ""Шахедами"", є влучання: деталі нічного удару",https://www.rbc.ua/rus/news/rosiya-atakuvala-raketami-ta-shahedami-e-1776146113.html,2026-04-14T08:58+02:00,,180,0,5,-0.027778,negative
Rbc,24,Венс спробував виправдати Трампа за критику в бік Папи Римського,https://www.rbc.ua/rus/news/vens-sprobuvav-vipravdati-trampa-kritiku-1776145541.html,2026-04-14T08:46+02:00,,169,1,0,0.005917,positive
Rbc,25,Пошкоджено судно у порту та знищені автобуси: РФ масовано вдарила по Одещині,https://www.rbc.ua/rus/news/poshkodzheno-sudno-portu-ta-znishcheni-avtobusi-1776144392.html,2026-04-14T08:29+02:00,,220,1,12,-0.05,negative
Rbc,26,"Мадяр кличе прокурорів з Люксембургу: хоче посадити Орбана та ""орбанівців""",https://www.rbc.ua/rus/news/madyar-kliche-prokuroriv-lyuksemburgu-hoche-1776143067.html,2026-04-14T08:04+02:00,,216,2,2,0.0,neutral
Rbc,27,США та Іран готують новий раунд переговорів: названо можливу дату,https://www.rbc.ua/rus/news/ssha-ta-iran-gotuyut-noviy-raund-peregovoriv-1776141442.html,2026-04-14T07:37+02:00,,184,2,1,0.005435,positive
Rbc,28,Контрастна погода: від заморозків до +19 і дощі у деяких регіонах сьогодні,https://www.rbc.ua/rus/news/kontrastna-pogoda-vid-zamorozkiv-19-i-doshchi-1776085957.html,2026-04-14T07:00+02:00,,152,1,0,0.006579,positive
Rbc,29,Гроші за удари: Іран виставив рахунок сусідам за операцію США та Ізраїля,https://www.rbc.ua/rus/news/groshi-udari-iran-vistaviv-rahunok-susidam-1776136766.html,2026-04-14T06:49+02:00,,230,3,2,0.004348,positive
Rbc,30,Британія в небезпеці: ексгенсек НАТО різко висловився про політику Стармера,https://www.rbc.ua/rus/news/britaniya-nebezpetsi-eksgolova-nato-rizko-1776136552.html,2026-04-14T06:15+02:00,,212,3,5,-0.009434,negative
Rbc,31,Трамп дотиснув Нетаньягу: Ізраїль погодився на прямі переговори з Ліваном,https://www.rbc.ua/rus/news/tramp-dotisnuv-netanyagu-izrayil-pogodivsya-1776133370.html,2026-04-14T05:42+02:00,,188,0,1,-0.005319,negative
Rbc,32,Голова НБУ спрогнозував прискорення інфляції через війну на Близькому Сході,https://www.rbc.ua/rus/news/golova-nbu-sprognozuvav-priskorennya-inflyatsiyi-1776133321.html,2026-04-14T05:22+02:00,,275,3,5,-0.007273,negative
Rbc,33,У Мелітополі після влучання горить підстанція: місто частково знеструмлене,https://www.rbc.ua/rus/news/melitopoli-pislya-vluchannya-gorit-pidstantsiya-1776129652.html,2026-04-14T04:47+02:00,,146,1,8,-0.047945,negative
Rbc,34,"Обіцянки цяцянки? Чому рейтинг Трампа стрімко падає після року при владі, - The Times",https://www.rbc.ua/rus/news/obitsyanki-tsyatsyanki-chomu-reyting-trampa-1776128705.html,2026-04-14T04:14+02:00,,261,2,5,-0.011494,negative
Rbc,35,Ціни на нафту продовжать зростати: у США назвали терміни піку,https://www.rbc.ua/rus/news/tsini-naftu-prodovzhat-zrostati-ssha-nazvali-1776127132.html,2026-04-14T03:38+02:00,,210,1,4,-0.014286,negative
Rbc,36,Надають небо для атак на РФ: помічник Путіна наскаржився на країни Балтії,https://www.rbc.ua/rus/news/nadayut-nebo-atak-rf-pomichnik-putina-naskarzhivsya-1776124565.html,2026-04-14T02:56+02:00,,231,1,4,-0.012987,negative
Rbc,37,Федоров узгодив з Бельгією та Іспанією посилення ППО: що ще обіцяють партнери,https://www.rbc.ua/rus/news/fedorov-uzgodiv-belgieyu-ta-ispanieyu-posilennya-1776122887.html,2026-04-14T02:48+02:00,,218,8,1,0.03211,positive
Rbc,38,"Венс назвав Орбана ""великим хлопцем"" та пояснив, чому США його підтримували",https://www.rbc.ua/rus/news/vens-nazvav-orbana-velikim-hloptsem-ta-poyasniv-1776120548.html,2026-04-14T02:09+02:00,,176,1,0,0.005682,positive
Rbc,39,Капітан Трамп: скільки і яких кораблів направив лідер США до Ірану,https://www.rbc.ua/rus/news/kapitan-tramp-skilki-i-kih-korabliv-napraviv-1776120431.html,2026-04-14T01:47+02:00,,172,2,5,-0.017442,negative
Rbc,40,У РФ на військових випробовують бойові снаряди та невідомі хімікати,https://www.rbc.ua/rus/news/rosiyi-viyskovih-vikoristovuyut-testuvannya-1776118538.html,2026-04-14T01:15+02:00,,222,2,5,-0.013514,negative
Rbc,41,Застряглі 90 мільярдів від ЄС: Україна швидко не побачить грошей і не через Мадяра,https://www.rbc.ua/rus/news/zastryagli-90-milyardiv-vid-es-ukrayina-shvidko-1776116708.html,2026-04-14T00:45+02:00,,224,0,2,-0.008929,negative
Rbc,42,Більше тиску на РФ: МЗС України призначило спецпосла з питань полонених та зниклих,https://www.rbc.ua/rus/news/bilshe-tisku-rf-mzs-ukrayini-priznachilo-1776113647.html,2026-04-13T23:54+02:00,,182,2,1,0.005495,positive
Rbc,43,США дадуть Ірану ще один шанс? CNN дізналося про підготовку другого раунду переговорів,https://www.rbc.ua/rus/news/ssha-dadut-iranu-shche-odin-shans-cnn-diznalosya-1776110480.html,2026-04-13T23:01+02:00,,265,0,2,-0.007547,negative
Rbc,44,"Ціна розморожування 35 млрд євро. ЄС підготував Мадяру список вимог, - FT",https://www.rbc.ua/rus/news/tsina-rozmorozhuvannya-35-mlrd-evro-es-pidgotuvav-1776110445.html,2026-04-13T23:00+02:00,,242,6,2,0.016529,positive
Rbc,45,Видурив мільйон у матері загиблого воїна: поліція спіймала на гарячому цинічного шахрая,https://www.rbc.ua/rus/news/viduriv-milyon-materi-zagiblogo-voyina-politsiya-1776109099.html,2026-04-13T22:41+02:00,,158,1,0,0.006329,positive
Rbc,46,"Росія зацікавлена в затяжній війні США з Іраном, - Каллас",https://www.rbc.ua/rus/news/rosiya-zatsikavlena-zatyazhniy-viyni-ssha-1776108102.html,2026-04-13T22:21+02:00,,268,5,2,0.011194,positive
Rbc,47,"Робота ""Птахів"" СБС: ""Мадяр"" підтвердив удар по російському хімзаводу ""ФосАгро""",https://www.rbc.ua/rus/news/robota-ptahiv-sbs-madyar-pidtverdiv-udar-1776106604.html,2026-04-13T21:56+02:00,,119,0,1,-0.008403,negative
Rbc,48,"Мелоні пройшлася по Трампу через ""неприйнятні"" слова про Папу Римського",https://www.rbc.ua/rus/news/meloni-proyshlasya-trampu-cherez-nepriynyatni-1776105465.html,2026-04-13T21:38+02:00,,148,0,0,0.0,neutral
Rbc,49,"Трамп сказав, на кого ""переключиться"" після Ірану",https://www.rbc.ua/rus/news/tramp-skazav-kogo-pereklyuchitsya-pislya-1776104362.html,2026-04-13T21:19+02:00,,184,0,0,0.0,neutral
Rbc,50,Зеленський анонсував переговори з Європою про спільну систему ППО,https://www.rbc.ua/rus/news/zelenskiy-anonsuvav-peregovori-evropoyu-spilnu-1776102111.html,2026-04-13T20:41+02:00,,226,7,2,0.022124,positive
Rbc,51,Знову діятимуть графіки? Що буде з відключеннями світла в Україні 14 квітня,https://www.rbc.ua/rus/news/znovu-diyatimut-grafiki-shcho-bude-vidklyuchennyami-1776101342.html,2026-04-13T20:40+02:00,,133,1,2,-0.007519,negative
Rbc,52,НАТО вперше допоможе з реформою Агентства оборонних закупівель України: про що йдеться,https://www.rbc.ua/rus/news/nato-vpershe-dopomozhe-reformoyu-agentstva-1776101585.html,2026-04-13T20:33+02:00,,218,7,0,0.03211,positive
Rbc,53,"Росія таємно рахує мільярдні збитки, поки Путіну малюють ""перемогу"", - розвідка Латвії",https://www.rbc.ua/rus/news/rosiya-taemno-rahue-milyardni-zbitki-poki-1776100399.html,2026-04-13T20:15+02:00,,236,3,11,-0.033898,negative
Rbc,54,"Піхота не знадобилася. Українські роботи вперше захопили позицію росіян, - Зеленський",https://www.rbc.ua/rus/news/pihota-znadobilasya-ukrayinski-roboti-vpershe-1776099239.html,2026-04-13T19:55+02:00,,142,3,1,0.014085,positive
Rbc,55,"Найбільший чорноморський порт РФ працює з обмеженнями після атак України, - Bloomberg",https://www.rbc.ua/rus/news/naybilshiy-chornomorskiy-port-rf-pratsyue-1776097461.html,2026-04-13T19:24+02:00,,180,0,9,-0.05,negative
Rbc,56,"Україну накриє потепління, але не без ""сюрпризів"": прогноз на тиждень",https://www.rbc.ua/rus/news/ukrayinu-nakrie-poteplinnya-ale-syurpriziv-1776093100.html,2026-04-13T19:20+02:00,,327,0,0,0.0,neutral
Rbc,57,ЗСУ перейшли на нові позиції в районі Миропільського на Сумщині: деталі,https://www.rbc.ua/rus/news/zsu-pereyshli-novi-pozitsiyi-rayoni-miropilskogo-1776096547.html,2026-04-13T19:09+02:00,,167,1,3,-0.011976,negative
Rbc,58,Трамп офіційно оголосив про початок морської блокади Ірану,https://www.rbc.ua/rus/news/tramp-ofitsiyno-ogolosiv-pochatok-morskoyi-1776095251.html,2026-04-13T18:53+02:00,,169,1,4,-0.017751,negative
Rbc,59,Китай відповів на заяви про можливе постачання зброї Ірану,https://www.rbc.ua/rus/news/kitay-vidpoviv-zayavi-mozhlive-postachannya-1776094708.html,2026-04-13T18:38+02:00,,122,1,0,0.008197,positive
Rbc,60,"Мадяр зробив заяву, яка точно не сподобається Москві",https://www.rbc.ua/rus/news/madyar-zrobiv-zayavu-ka-tochno-spodobaetsya-1776092200.html,2026-04-13T17:56+02:00,,131,2,1,0.007634,positive
Rbc,61,"Угорщина ""не може відмовитися"" від нафти РФ: Мадяр назвав причину",https://www.rbc.ua/rus/news/ugorshchina-ne-mozhe-vidmovitisya-vid-nafti-1776091552.html,2026-04-13T17:50+02:00,,199,1,9,-0.040201,negative
Rbc,62,"Підтримка захисників Маріуполя масштабується: у Ахметова розповіли про роль ""Серця Азовсталі""",https://www.rbc.ua/rus/news/pidtrimka-zahisnikiv-mariupolya-masshtabuetsya-1776091601.html,2026-04-13T17:46+02:00,,217,19,0,0.087558,positive
Rbc,63,Обов'язково зустрінемося із Зеленським. Мадяр готує розворот у відносинах з Україною,https://www.rbc.ua/rus/news/obov-yazkovo-zustrinemosya-iz-zelenskim-madyar-1776089989.html,2026-04-13T17:21+02:00,,181,3,2,0.005525,positive
Rbc,64,"Результат ударів України? Росії довелося шукати заміну системам ППО ""Панцир""",https://www.rbc.ua/rus/news/rezultat-udariv-ukrayini-rosiyi-dovelosya-1776089288.html,2026-04-13T17:08+02:00,,180,1,2,-0.005556,negative
Rbc,65,"Мадяр розповів, чи планує телефонувати Путіну",https://www.rbc.ua/rus/news/madyar-rozpoviv-chi-planue-telefonuvati-putinu-1776088158.html,2026-04-13T17:01+02:00,,171,3,0,0.017544,positive
Rbc,66,Процес один для всіх. Мадяр виступив проти прискореного членства України в ЄС,https://www.rbc.ua/rus/news/protses-odin-vsih-madyar-vistupiv-proti-priskorenogo-1776088257.html,2026-04-13T16:52+02:00,,123,0,0,0.0,neutral
Rbc,67,Мадяр зробив заяву про 90 млрд євро кредиту для України,https://www.rbc.ua/rus/news/madyar-zrobiv-zayavu-90-mlrd-evro-kreditu-1776088263.html,2026-04-13T16:51+02:00,,207,3,1,0.009662,positive
Rbc,68,Орбан ніколи не повернеться? Мадяр анонсував нове правило для прем'єрів,https://www.rbc.ua/rus/news/orban-nikoli-povernetsya-madyar-anonsuvav-1776086270.html,2026-04-13T16:17+02:00,,154,3,0,0.019481,positive
Rbc,69,"Мадяр: Сіярто знайшовся, він в МЗС знищує документи щодо РФ",https://www.rbc.ua/rus/news/madyar-siyarto-znayshovsya-vin-mzs-znishchue-1776085549.html,2026-04-13T16:13+02:00,,169,0,4,-0.023669,negative
Rbc,70,Чи дійде пил із Сахари до України? Офіційна відповідь синоптиків,https://www.rbc.ua/rus/news/chi-diyde-pil-iz-sahari-ukrayini-ofitsiyna-1776085400.html,2026-04-13T16:10+02:00,,206,1,1,0.0,neutral
Rbc,71,"У Путіна після перемоги Мадяра записали Угорщину в ""недружні країни""",https://www.rbc.ua/rus/news/putina-pislya-peremogi-madyara-zapisali-ugorshchinu-1776084766.html,2026-04-13T15:52+02:00,,256,7,1,0.023438,positive
Rbc,72,"Євро різко падає, долар стабільний: курс на 14 квітня та чи приймають банки ""старі"" долари",https://www.rbc.ua/rus/news/evro-rizko-padae-dolar-stabilniy-kurs-14-1776083565.html,2026-04-13T15:32+02:00,,144,2,1,0.006944,positive
Rbc,73,У РФ палає один з найбільших хімзаводів: критичне підприємство атакували дрони (відео),https://www.rbc.ua/rus/news/rf-palae-odin-naybilshih-himzavodiv-kritichne-1776082177.html,2026-04-13T15:15+02:00,,249,0,5,-0.02008,negative
Rbc,74,"Німеччина розраховує на ""дуже швидкі"" 90 млрд євро Україні після поразки Орбана",https://www.rbc.ua/rus/news/nimechchina-rozrahovue-duzhe-shvidki-90-mlrd-1776081671.html,2026-04-13T15:07+02:00,,182,4,0,0.021978,positive
Rbc,75,У більшість областей України йдуть сильні заморозки до -5,https://www.rbc.ua/rus/news/odnu-oblastey-ukrayini-ydut-silni-zamorozki-1776080205.html,2026-04-13T14:54+02:00,,176,5,0,0.028409,positive
Rbc,76,В Україні ліквідують один з банків-банкрутів: рішення ухвалив НБУ,https://www.rbc.ua/rus/news/ukrayini-likviduyut-odin-bankiv-bankrutiv-1776080047.html,2026-04-13T14:49+02:00,,171,1,0,0.005848,positive
Rbc,77,У зоні ЧАЕС роками незаконно вирощували зерно: є ризик для людей,https://www.rbc.ua/rus/news/zoni-chaes-rokami-nezakonno-viroshchuvali-1776080070.html,2026-04-13T14:35+02:00,,169,0,0,0.0,neutral
Rbc,78,Мінус 800 МВт через штучні обмеження. Як прайс-кепи зупиняють генерацію електроенергії,https://www.rbc.ua/rus/news/minus-800-mvt-cherez-shtuchni-obmezhennya-1776080061.html,2026-04-13T14:34+02:00,,190,1,3,-0.010526,negative
Rbc,79,ДТЕК очолив топ кращих енергетичних компаній України: дані рейтингу,https://www.rbc.ua/rus/news/dtek-ocholiv-top-krashchih-energetichnih-1776078169.html,2026-04-13T14:02+02:00,,119,2,1,0.008403,positive
Rbc,80,Папа Римський відповів Трампу після його звинувачень,https://www.rbc.ua/rus/news/papa-rimskiy-vidpoviv-trampu-pislya-yogo-1776077248.html,2026-04-13T13:49+02:00,,181,0,2,-0.01105,negative
Rbc,81,"Жодної години без тривоги: як ""Аптека 9-1-1"" працює на прифронтових територіях і допомагає людям",https://www.rbc.ua/rus/news/zhodnoyi-godini-trivogi-k-apteka-9-1-1-pratsyue-1776076512.html,2026-04-13T13:43+02:00,,286,11,13,-0.006993,negative
Rbc,82,Україна закупатиме інноваційне озброєння по-новому: що змінюється,https://www.rbc.ua/rus/news/ukrayina-zakupatime-innovatsiyne-ozbroennya-1776076403.html,2026-04-13T13:36+02:00,,166,3,1,0.012048,positive
Rbc,83,"Нова загроза: ворожі ""Шахеди"" почали полювати на екіпажі ППО, - ""Флеш""",https://www.rbc.ua/rus/news/nova-zagroza-vorozhi-shahedi-pochali-polyuvati-1776075822.html,2026-04-13T13:25+02:00,,123,0,6,-0.04878,negative
Rbc,84,Досвід Чорного моря та захист від дронів. Зеленський анонсував нові безпекові угоди,https://www.rbc.ua/rus/news/dosvid-chornogo-morya-ta-zahist-vid-droniv-1776075191.html,2026-04-13T13:14+02:00,,197,8,0,0.040609,positive
Rbc,85,Організовував катування українців: СБУ викрила злочини російського генерала,https://www.rbc.ua/rus/news/organizovuvav-katuvannya-ukrayintsiv-sbu-1776073589.html,2026-04-13T12:48+02:00,,199,0,2,-0.01005,negative
Rbc,86,"""Нова сторінка"" відносин. Україна готує переговори Зеленського з Мадяром",https://www.rbc.ua/rus/news/nova-storinka-vidnosin-ukrayina-gotue-peregovori-1776072686.html,2026-04-13T12:42+02:00,,200,3,1,0.01,positive
Rbc,87,"Тисячі атак за два дні. У Генштабі порахували, як Росія ""дотримувалась"" великоднього перемир'я",https://www.rbc.ua/rus/news/tisyachi-atak-dva-dni-genshtabi-porahuvali-1776072683.html,2026-04-13T12:35+02:00,,129,0,1,-0.007752,negative
Rbc,88,Росія відновила удари по залізниці: евакуацію пасажирів провели на Дніпропетровщині,https://www.rbc.ua/rus/news/rosiya-vidnovila-udari-zaliznitsi-evakuatsiyu-1776072451.html,2026-04-13T12:30+02:00,,206,2,9,-0.033981,negative
Rbc,89,Загроза для перевезень та експорту: металурги закликають змінити правила списання вагонів,https://www.rbc.ua/rus/news/zagroza-perevezen-ta-eksportu-metalurgi-zaklikayut-1776072589.html,2026-04-13T12:29+02:00,,314,8,11,-0.009554,negative
Rbc,90,"Злякався? Сійярто раптово ""зник"" після поразки Орбана на виборах",https://www.rbc.ua/rus/news/zlyakavsya-siyyarto-raptovo-znik-pislya-porazki-1776071524.html,2026-04-13T12:20+02:00,,212,1,1,0.0,neutral
Rbc,91,РФ активізувала наступ на Сумщині: Трегубов розповів про ситуацію біля кордону,https://www.rbc.ua/rus/news/rf-aktivizuvala-nastup-sumshchini-tregubov-1776070223.html,2026-04-13T11:59+02:00,,136,0,1,-0.007353,negative
Rbc,92,"Зупинка Покровська вдарила по ""Метінвесту"", але збитки вдалося скоротити: звіт компанії",https://www.rbc.ua/rus/news/zupinka-pokrovska-vdarila-metinvestu-ale-1776070593.html,2026-04-13T11:56+02:00,,269,2,1,0.003717,positive
Rbc,93,"Фіцо привітав Мадяра з перемогою та згадав про ""Дружбу""",https://www.rbc.ua/rus/news/fitso-privitav-madyara-peremogoyu-ta-zgadav-1776069794.html,2026-04-13T11:50+02:00,,169,9,2,0.04142,positive
Rbc,94,Майбутній прем'єр Угорщини Мадяр розкрив свою позицію щодо Путіна,https://www.rbc.ua/rus/news/maybutniy-prem-er-ugorshchini-madyar-rozkriv-1776069392.html,2026-04-13T11:37+02:00,,185,3,0,0.016216,positive
Rbc,95,"Перемир'я фактично не було: у ЗСУ розповіли, як росіяни використали ""тишу"" на фронті",https://www.rbc.ua/rus/news/peremir-ya-faktichno-bulo-zsu-rozpovili-k-1776067659.html,2026-04-13T11:15+02:00,,128,2,1,0.007812,positive
Rbc,96,Канада може скасувати візи для українців: як це працюватиме,https://www.rbc.ua/rus/news/kanada-mozhe-skasuvati-vizi-ukrayintsiv-k-1776067355.html,2026-04-13T11:03+02:00,,163,0,0,0.0,neutral
Rbc,97,"ГУР ""розібрало"" новий дрон РФ: чиї деталі в ""Князі Вєщій Олєг""",https://www.rbc.ua/rus/news/gur-rozibralo-noviy-dron-rf-chiyi-detali-1776066540.html,2026-04-13T10:52+02:00,,188,1,2,-0.005319,negative
Rbc,98,Лютий ворог Орбана. Хто такий Петер Мадяр і що він казав про Україну,https://www.rbc.ua/rus/news/lyutiy-vorog-orbana-hto-takiy-peter-madyar-1776064968.html,2026-04-13T10:22+02:00,,425,6,2,0.009412,positive
Rbc,99,Ціни на нафту злетіли після заяви Трампа про блокаду Ормузької протоки,https://www.rbc.ua/rus/news/tsini-naftu-zletili-pislya-zayavi-trampa-1776063985.html,2026-04-13T10:07+02:00,,228,0,6,-0.026316,negative
Rbc,100,РФ атакувала енергообʼєкт на Чернігівщині: низка населених пунктів без світла,https://www.rbc.ua/rus/news/rf-atakuvala-energoob-ekt-chernigivshchini-1776062767.html,2026-04-13T09:55+02:00,,111,2,2,0.0,neutral
Rbc,101,Україна скасувала рекомендації не їздити до Угорщини,https://www.rbc.ua/rus/news/ukrayina-skasuvala-rekomendatsiyi-yizditi-1776061831.html,2026-04-13T09:32+02:00,,262,7,0,0.026718,positive
Rbc,102,"""Перемир'я"" закінчилося: чим РФ атакувала Україну цієї ночі і як відпрацювала ППО",https://www.rbc.ua/rus/news/peremir-ya-zakinchilosya-chim-rf-atakuvala-1776059291.html,2026-04-13T08:55+02:00,,166,3,2,0.006024,positive
Rbc,103,Іран пригрозив дорогим бензином після заяви Трампа про морську блокаду,https://www.rbc.ua/rus/news/iran-prigroziv-dorogim-benzinom-pislya-zayavi-1776059052.html,2026-04-13T08:45+02:00,,122,1,4,-0.02459,negative
Rbc,104,Трампа запитали про поразку Орбана на виборах в Угорщині: реакція потрапила на відео,https://www.rbc.ua/rus/news/trampa-zapitali-porazku-orbana-viborah-ugorshchini-1776058435.html,2026-04-13T08:41+02:00,,144,3,0,0.020833,positive
Rbc,105,"Навіщо Україні космічні війська та до чого тут ""Орєшнік"": пояснення нардепа",https://www.rbc.ua/rus/news/navishcho-ukrayini-kosmichni-viyska-ta-chogo-1775821797.html,2026-04-13T08:40+02:00,,208,0,1,-0.004808,negative
Rbc,106,Долар та євро пішли вгору: як змінився курс валют в обмінниках і банках після Великодня,https://www.rbc.ua/rus/news/dolar-ta-evro-pishli-vgoru-k-zminivsya-kurs-1776058161.html,2026-04-13T08:34+02:00,,200,0,1,-0.005,negative
Rbc,107,Таємні операції ГУР: Україна двічі успішно запустила ракети в космос під час війни,https://www.rbc.ua/rus/news/taemni-operatsiyi-gur-ukrayina-dvichi-uspishno-1775819491.html,2026-04-13T08:05+02:00,,188,0,0,0.0,neutral
Rbc,108,Ефект Мадяра: інвестори підняли курс форинта та чекають мільярди від ЄС,https://www.rbc.ua/rus/news/efekt-madyara-investori-pidnyali-kurs-forinta-1776056307.html,2026-04-13T07:58+02:00,,186,3,0,0.016129,positive
Rbc,109,Дефіцит бюджету РФ перевищив річний план: розвідка назвала суму втрат,https://www.rbc.ua/rus/news/defitsit-byudzhetu-rf-perevishchiv-richniy-1776053674.html,2026-04-13T07:25+02:00,,193,1,9,-0.041451,negative
Rbc,110,Якою буде погода в Україні сьогодні та де потеплішає до +15: прогноз синоптика,https://www.rbc.ua/rus/news/koyu-bude-pogoda-ukrayini-sogodni-ta-de-poteplishae-1775996109.html,2026-04-13T07:00+02:00,,100,0,0,0.0,neutral
Rbc,111,"Танкери тікають із Перської затоки, але блокада Трампа може провалитись, - Reuters",https://www.rbc.ua/rus/news/tankeri-tikayut-iz-perskoyi-zatoki-ale-blokada-1776052748.html,2026-04-13T06:59+02:00,,239,3,8,-0.020921,negative
Rbc,112,"Від ""Росіяни, додому"" до ""повернення у Європу"": як угорці та лідери ЄС привітали Мадяра",https://www.rbc.ua/rus/news/vid-rosiyani-dodomu-povernennya-evropu-k-1776047788.html,2026-04-13T05:54+02:00,,428,16,0,0.037383,positive
Rbc,113,"""Не хочу Папу, який схвалює ядерну зброю Ірану"": Трамп розкритикував главу Ватикану",https://www.rbc.ua/rus/news/ne-hochu-papu-kiy-shvalyue-dernu-zbroyu-iranu-1776047341.html,2026-04-13T05:29+02:00,,213,0,1,-0.004695,negative
Rbc,114,Армія Ізраїлю чекає наказ Трампа: війна з Іраном може зненацька продовжитись,https://www.rbc.ua/rus/news/armiya-izrayilyu-chekae-nakaz-trampa-viyna-1776044384.html,2026-04-13T04:39+02:00,,180,7,4,0.016667,positive
Rbc,115,"Аналог українського ""Фламінго"": Франція розробила дрон Chorus з дальністю 3000 км",https://www.rbc.ua/rus/news/analog-ukrayinskogo-flamingo-frantsiya-rozrobila-1776040190.html,2026-04-13T03:50+02:00,,181,0,0,0.0,neutral
Rbc,116,Мадяр вимагає відставки президента Угорщини та обіцяє посилити НАТО,https://www.rbc.ua/rus/news/madyar-vimagae-vidstavki-prezidenta-ugorshchini-1776039995.html,2026-04-13T03:26+02:00,,191,1,0,0.005236,positive
Rbc,117,Перемир'ю кінець: тисячі людей без світла через удари РФ по Чернігівщині,https://www.rbc.ua/rus/news/peremir-yu-kinets-tisyachi-lyudey-svitla-1776035309.html,2026-04-13T02:33+02:00,,129,1,4,-0.023256,negative
Rbc,118,"Удари по Ірану неминучі? Трамп окреслив, що ""легко вразити""",https://www.rbc.ua/rus/news/udari-iranu-neminuchi-tramp-okresliv-shcho-1776033750.html,2026-04-13T02:12+02:00,,292,1,11,-0.034247,negative
Rbc,119,"Які ""червоні лінії"" окреслили США для Ірану: з'явились подробиці вимог Трампа",https://www.rbc.ua/rus/news/ki-chervoni-liniyi-okreslili-ssha-iranu-z-1776032235.html,2026-04-13T01:41+02:00,,183,1,0,0.005464,positive
Rbc,120,США закривають іранські порти для всього світу: що відомо про блокаду,https://www.rbc.ua/rus/news/ssha-zakrivayut-iranski-porti-vsogo-svitu-1776029798.html,2026-04-13T01:14+02:00,,169,0,8,-0.047337,negative
Suspilne,1,Армія РФ атакувала Дніпро ракетою: поранено щонайменше 15 людей,https://suspilne.media/dnipro/1288815-armia-rf-atakuvala-dnipro-raketou-poraneno-sonajmense-15-ludej/,2026-04-14T13:12+03:00,,61,0,3,-0.04918,negative
Suspilne,2,Зеленський після відвідин Німеччини летить до Норвегії: запланована зустріч із прем'єром країни,https://suspilne.media/1288863-zelenskij-pisla-vidvidin-nimeccini-letit-do-norvegii-zaplanovana-zustric-iz-premerom-kraini/,2026-04-14T12:55+03:00,,61,0,0,0.0,neutral
Suspilne,3,"Бійці підрозділу ""Химера"" 105-го прикордонного загону уразили техніку та позиції військ РФ у Брянській області",https://suspilne.media/chernihiv/1288855-bijci-pidrozdilu-himera-105-go-prikordonnogo-zagonu-urazili-tehniku-ta-pozicii-vijsk-rf-u-branskij-oblasti/,2026-04-14T12:46+03:00,,26,0,0,0.0,neutral
Suspilne,4,Зеленський 14 квітня прилетів у Берлін та зустрівся з Мерцом,https://suspilne.media/1288729-merc-14-kvitna-u-berlini-zustrinetsa-iz-zelenskim/,2026-04-14T12:04+03:00,,110,0,0,0.0,neutral
Suspilne,5,Сибіга і Каллас обговорили розблокування 90 мільярдів євро для України,https://suspilne.media/1288747-sibiga-i-kallas-obgovorili-rozblokuvanna-90-mlrd-evro-dla-ukraini/,2026-04-14T12:00+03:00,,262,5,2,0.01145,positive
Suspilne,6,Поранений десантник два місяці тримав позицію на Донеччині: нині за його відновлення борються медики у Вінниці,https://suspilne.media/vinnytsia/1276762-poranenij-desantnik-dva-misaci-trimav-poziciu-na-doneccini-nini-za-jogo-vidnovlenna-borutsa-mediki-u-vinnici/,2026-04-14T12:00+03:00,,248,7,2,0.020161,positive
Suspilne,7,Нацбанк до Дня працівників оборонно-промислового комплексу України випустив пам'ятну монету,https://suspilne.media/1288775-nacbank-do-dna-pracivnikiv-oboronno-promislovogo-kompleksu-ukraini-vipustiv-pamatnu-monetu/,2026-04-14T11:57+03:00,,122,3,0,0.02459,positive
Suspilne,8,Російський дрон вдарив по будинку у Комишанах поблизу Херсона: поранені дві жінки,https://suspilne.media/kherson/1288797-rosijskij-dron-vdariv-po-budinku-u-komisanah-poblizu-hersona-poraneni-dvi-zinki/,2026-04-14T11:54+03:00,,70,1,1,0.0,neutral
Suspilne,9,Російський дрон атакував Надіївку на Херсонщині: поранений 19-річний хлопець,https://suspilne.media/kherson/1288759-rosijskij-dron-atakuvav-nadiivku-na-hersonsini-poranenij19-ricnij-hlopec/,2026-04-14T11:37+03:00,,85,1,2,-0.011765,negative
Suspilne,10,Внаслідок атак РФ по адмінбудівлях у Чернігові є поранені,https://suspilne.media/chernihiv/1288739-vnaslidok-atak-rf-po-adminbudivlam-u-cernigovi-e-poraneni/,2026-04-14T11:14+03:00,,64,0,5,-0.078125,negative
Suspilne,11,"На Запорізькій АЕС відновили зовнішню лінію електропередачі ""Феросплавна-1"", яка була знеструмлена – МАГАТЕ",https://suspilne.media/zaporizhzhia/1288711-na-zaporizkij-aes-vidnovili-zovnisnu-liniu-elektroperedaci-ferosplavna-1-aka-bula-znestrumlena-magate/,2026-04-14T11:03+03:00,,226,1,0,0.004425,positive
Suspilne,12,У Харкові зафіксували удари російських БпЛА у Київському районі,https://suspilne.media/kharkiv/1288741-u-harkovi-zafiksuvali-udari-rosijskih-bpla-e-postrazdali/,2026-04-14T10:53+03:00,,72,0,2,-0.027778,negative
Suspilne,13,В Україні 14 квітня не діятимуть обмеження використання електроенергії,https://suspilne.media/1288731-v-ukraini-14-kvitna-ne-diatimut-obmezenna-vikoristanna-elektroenergii/,2026-04-14T10:52+03:00,,101,2,1,0.009901,positive
Suspilne,14,Захист для 368 об'єктів енергоінфраструктури України вже оновлюється — Зеленський,https://suspilne.media/1288687-zahist-dla-368-obektiv-energoinfrastrukturi-ukraini-vze-onovluetsa-zelenskij/,2026-04-14T10:38+03:00,,123,3,0,0.02439,positive
Suspilne,15,Після атаки РФ на Одещину відкрили провадження: є поранений,https://suspilne.media/odesa/1288683-pisla-ataki-rf-na-odesinu-vidkrili-provadzenna-e-poranenij/,2026-04-14T10:29+03:00,,135,3,5,-0.014815,negative
Suspilne,16,"Мадяр хоче, щоб прокурори ЄС перевірили витрати коштів урядом Орбана",https://suspilne.media/1288663-madar-hoce-sob-prokurori-es-pereviriti-vitrati-kostiv-uradom-orbana/,2026-04-14T10:12+03:00,,262,3,0,0.01145,positive
Suspilne,17,Зеленський підписав закон про продовження військового збору ще на три роки після скасування воєнного стану,https://suspilne.media/1288659-zelenskij-pidpisav-zakon-pro-prodovzenna-vijskovogo-zboru-se-na-tri-roki-pisla-skasuvanna-voennogo-stanu/,2026-04-14T10:09+03:00,,212,1,2,-0.004717,negative
Suspilne,18,Пошкоджені багатоквартирний будинок та адмінбудівля: наслідки атаки РФ по центральній частині Чернігова,https://suspilne.media/chernihiv/1288655-poskodzeni-bagatokvartirnij-budinok-ta-adminbudivla-naslidki-ataki-rf-po-centralnij-castini-cernigova/,2026-04-14T10:00+03:00,,45,0,2,-0.044444,negative
Suspilne,19,Дрони РФ влучили у цивільне судно та портову інфраструктуру на Одещині,https://suspilne.media/odesa/1288647-droni-rf-vlucili-u-civilne-sudno-ta-portovu-infrastrukturu-na-odesini/,2026-04-14T09:56+03:00,,179,4,8,-0.022346,negative
Suspilne,20,"ЄС висуне Угорщині 27 умов для розблокування фінансування на 35 мільярдів євро, замороженого за часів Орбана — FT",https://suspilne.media/1288615-es-visune-ugorsini-27-umov-dla-rozblokuvanna-finansuvanna-na-35-mlrd-evro-zamorozenogo-za-casiv-orbana-ft/,2026-04-14T09:49+03:00,,223,3,1,0.008969,positive
Suspilne,21,На ЗАЕС стався 13-й блекаут – МАГАТЕ,https://suspilne.media/zaporizhzhia/1288619-na-zaes-stavsa-13-blekaut-magate/,2026-04-14T09:43+03:00,,250,2,0,0.008,positive
Suspilne,22,Понад 20 людей за добу постраждали від російських ударів по Харківщині після великоднього перемир'я,https://suspilne.media/kharkiv/1288621-ponad-20-ludej-za-dobu-postrazdali-vid-rosijskih-udariv-po-harkivsini-pisla-velikodnogo-peremira/,2026-04-14T09:39+03:00,,335,1,10,-0.026866,negative
Suspilne,23,Є влучання в адмінбудівлю: російські війська атакували центр Чернігова,https://suspilne.media/chernihiv/1288637-e-vlucanna-v-adminbudivlu-rosijski-vijska-atakuvali-centr-cernigova/,2026-04-14T09:35+03:00,,28,0,0,0.0,neutral
Suspilne,24,"У Броварах стався вибух, поранений чоловік",https://suspilne.media/kyiv/1288631-u-brovarah-stavsa-terakt-poranenij-colovik/,2026-04-14T09:24+03:00,,25,0,2,-0.08,negative
Suspilne,25,"Кілька підсанкційних танкерів пройшли Ормузькою протокою, попри блокаду США — Reuters",https://suspilne.media/1288601-kilka-pidsankcijnih-tankeriv-projsli-ormuzkou-protokou-popri-blokadu-ssa-reuters/,2026-04-14T08:55+03:00,,406,2,7,-0.012315,negative
Suspilne,26,"Загинув чоловік, ще один поранений, руйнування і пошкодження в 11 громадах. Наслідки ударів РФ по Сумщині",https://suspilne.media/sumy/1288597-zaginuv-colovik-se-odin-poranenij-rujnuvanna-i-poskodzenna-v-11-gromadah-naslidki-udariv-rf-po-sumsini/,2026-04-14T08:33+03:00,,53,0,2,-0.037736,negative
Suspilne,27,"Вибухи в Сімферополі, Керчі та Феодосії: Росія повідомила про атаку дронів",https://suspilne.media/crimea/1288589-vibuhi-v-simferopoli-kerci-ta-feodosii-rosia-povidomila-pro-ataku-droniv/,2026-04-14T08:31+03:00,,99,0,7,-0.070707,negative
Suspilne,28,Проти ночі 14 квітня українська ППО знешкодила 114 російських дронів і ракету — Повітряні сили,https://suspilne.media/1288563-proti-noci-14-kvitna-ukrainska-ppo-zneskodila-114-rosijskih-droniv-i-raketu-povitrani-sili/,2026-04-14T08:22+03:00,,83,0,1,-0.012048,negative
Suspilne,29,"Двоє загиблих, 14 поранених. Війська РФ обстріляли 40 населених пунктів Херсонщини",https://suspilne.media/kherson/1288579-dvoe-zagiblih-14-poranenih-vijska-rf-obstrilali-40-naselenih-punktiv-hersonsini/,2026-04-14T08:20+03:00,,113,0,2,-0.017699,negative
Suspilne,30,"За добу на фронті відбулося 125 боєзіткнень, армія РФ втратила 820 солдатів — Генштаб ЗСУ",https://suspilne.media/1288561-za-dobu-na-fronti-vidbulosa-125-boezitknen-armia-rf-vtratila-820-soldativ-genstab-zsu/,2026-04-14T08:17+03:00,,262,0,6,-0.022901,negative
Suspilne,31,Четверо людей зазнали гострого стресу через удар по Богодухову на Харківщині,https://suspilne.media/kharkiv/1288587-cetvero-ludej-zaznali-gostrogo-stresu-cerez-udar-po-bogoduhovu-na-harkivsini/,2026-04-14T08:13+03:00,,82,1,1,0.0,neutral
Suspilne,32,Мелоні назвала неприйнятними заяви Трампа на адресу Папи Римського Лева XIV,https://suspilne.media/1288575-meloni-nazvala-neprijnatnimi-zaavi-trampa-na-adresu-papi-rimskogo-leva-xiv/,2026-04-14T08:05+03:00,,127,0,0,0.0,neutral
Suspilne,33,"РФ атакувала південь Одещини: в Ізмаїльському порту пошкоджено судно, зруйновано СТО",https://suspilne.media/odesa/1288585-rf-atakuvala-pivden-odesini-u-portu-poskodzeno-sudno-pid-praporom-panami/,2026-04-14T08:03+03:00,,144,2,4,-0.013889,negative
Suspilne,34,"РФ атакувала Кривий Ріг та два райони Дніпропетровщини: пошкоджено інфраструктуру, виникли пожежі",https://suspilne.media/dnipro/1288573-rf-atakuvala-krivij-rig-ta-dva-rajoni-dnipropetrovsini-poskodzeno-infrastrukturu-vinikli-pozezi/,2026-04-14T07:51+03:00,,45,0,3,-0.066667,negative
Suspilne,35,Удари по енергетиці: внаслідок атаки РФ на Миколаївщині є знеструмлення,https://suspilne.media/mykolaiv/1288571-udari-po-energetici-vnaslidok-ataki-rf-na-mikolaivsini-e-znestrumlenna/,2026-04-14T07:47+03:00,,65,0,3,-0.046154,negative
Suspilne,36,У Шевченківському районі Харкова дрон влучив у балкон на 24-му поверсі,https://suspilne.media/kharkiv/1288577-u-sevcenkivskomu-rajoni-harkova-dron-vluciv-u-dah-bagatopoverhivki-terehov/,2026-04-14T07:43+03:00,,64,0,3,-0.046875,negative
Suspilne,37,"Венс заявив про прогрес на переговорах з Іраном та закликав Тегеран ""проявити гнучкість""",https://suspilne.media/1288565-vens-zaaviv-pro-progres-na-peregovorah-z-iranom-ta-zaklikav-iransku-vladu-proaviti-gnuckist/,2026-04-14T07:39+03:00,,362,2,4,-0.005525,negative
Suspilne,38,Упродовж доби армія РФ завдала 875 ударів по 45 населених пунктах Запорізької області: є поранені,https://suspilne.media/zaporizhzhia/1213596-uprodovz-dobi-armia-rf-zavdala-875-udariv-po-45-naselenih-punktah-zaporizkoi-oblasti-e-poraneni/,2026-04-14T07:28+03:00,,36,0,0,0.0,neutral
Suspilne,39,"Бельгія та Іспанія виділять Україні по мільярду євро, МЗС призначило спецпосла: головні новини ранку 14 квітня",https://suspilne.media/1288559-belgia-ta-ispania-vidilat-ukraini-po-milardu-evro-mzs-priznacilo-specposla-golovni-novini-ranku-14-kvitna/,2026-04-14T07:25+03:00,,481,15,1,0.029106,positive
Suspilne,40,"Орбан визнав поразку на виборах в Угорщині, ""Тиса"" Мадяра набирає конституційну більшість. Триває підрахунок голосів",https://suspilne.media/1287343-v-ugorsini-vidbuvautsa-parlamentski-vibori/,2026-04-14T07:11+03:00,,162,4,0,0.024691,positive
Suspilne,41,"Зеленський у ФРН, вибух у Броварах, на ЗАЕС був блекаут, на Сумщині нові позиції. 1511 день війни",https://suspilne.media/1288529-belgia-ta-ispania-nadadut-po-milardu-evro-ukraini-na-sumsini-sili-oboroni-perejsli-na-novi-pozicii-1511-den-vijni/,2026-04-14T07:10+03:00,,149,0,5,-0.033557,negative
Suspilne,42,США та Іран не домовилися про припинення війни на переговорах в Пакистані: усе про війну на Близькому Сході,https://suspilne.media/1252096-izrail-i-ssa-atakuvali-iran-iran-zaaviv-pro-udari-po-amerikanskih-bazah-v-regioni/,2026-04-14T07:09+03:00,,333,0,8,-0.024024,negative
Suspilne,43,Ціни на нафту можуть досягти піку найближчими тижнями — міністр енергетики США,https://suspilne.media/1288557-cini-na-naftu-mozut-dosagti-piku-najblizcimi-tiznami-ministr-energetiki-ssa/,2026-04-14T06:28+03:00,,443,2,5,-0.006772,negative
Suspilne,44,"""Використати цей момент"". Фон дер Ляєн закликала скасувати право вето окремих країн ЄС після поразки Орбана",https://suspilne.media/1288555-vikoristati-cej-moment-fon-der-laen-zaklikala-skasuvati-pravo-veto-okremih-krain-es-pisla-porazki-orbana/,2026-04-14T05:10+03:00,,163,2,2,0.0,neutral
Suspilne,45,Як Мадяр змінить Угорщину та що він готує для України. СУСПІЛЬНЕ | ВІДЕОНОВИНИ,https://suspilne.media/1288551-ak-madar-zminit-ugorsinu-ta-so-vin-gotue-dla-ukraini-suspilne-videonovini/,2026-04-14T03:11+03:00,,7,0,0,0.0,neutral
Suspilne,46,Ердоган пригрозив Ізраїлю військовими діями за прикладом Карабаху та Лівії — The Jerusalem Post,https://suspilne.media/1288553-erdogan-prigroziv-izrailu-vijskovimi-diami-za-prikladom-karabahu-ta-livii-the-jerusalem-post/,2026-04-14T02:56+03:00,,487,3,5,-0.004107,negative
Suspilne,47,"Вперше в історії озброєні достатньо, щоб захищатися від ударів Росії — Зеленський",https://suspilne.media/1288549-vperse-v-istorii-ozbroeni-dostatno-sob-zahisatisa-vid-udariv-rosii-zelenskij/,2026-04-14T01:36+03:00,,164,1,0,0.006098,positive
Suspilne,48,Трамп розкритикував Папу Лева XIV і зобразив себе Ісусом. СУСПІЛЬНЕ | ВІДЕОНОВИНИ,https://suspilne.media/1288547-tramp-rozkritikuvav-papu-leva-xiv-i-zobraziv-sebe-isusom-suspilne/,2026-04-14T00:54+03:00,,9,0,0,0.0,neutral
Suspilne,49,Бельгія виділить Україні мільярд євро допомоги та передасть додаткові літаки F-16,https://suspilne.media/1288539-ukraina-uzgodila-novi-prioriteti-oboroni-z-belgieu-ta-ispanieu-pered-ramstajnom/,2026-04-13T23:04+03:00,,161,10,1,0.055901,positive
Suspilne,50,Камала Гарріс може знову балотуватися в президенти у 2028 році,https://suspilne.media/1288533-kamala-garris-moze-znovu-balotuvatisa-v-prezidenti-u-2028-roci/,2026-04-13T22:41+03:00,,126,0,0,0.0,neutral
Suspilne,51,Україна та Європа обговорять створення спільної системи ППО – Зеленський,https://suspilne.media/1288505-ukraina-ta-evropa-obgovorat-stvorenna-spilnoi-sistemi-ppo-zelenskij/,2026-04-13T22:23+03:00,,118,3,0,0.025424,positive
Suspilne,52,"МЗС України призначило спецпосла з питань військовополонених, цивільних та зниклих безвісти",https://suspilne.media/1288523-mzs-ukraini-priznacilo-specposla-z-pitan-vijskovopolonenih-civilnih-ta-zniklih-bezvisti/,2026-04-13T22:06+03:00,,107,3,0,0.028037,positive
Suspilne,53,"""Ми вибралися з пекла"": історії трьох переселенців, евакуйованих із Купʼянщини на Великдень",https://suspilne.media/kharkiv/1288227-mi-vibralisa-z-pekla-istorii-troh-pereselenciv-evakujovanih-iz-kupansini-na-velikden/,2026-04-13T21:46+03:00,,591,1,4,-0.005076,negative
Suspilne,54,"""Я думав, що це лікар"": Трамп потрапив в скандал через фото в образі Ісуса",https://suspilne.media/1288511-a-dumav-so-ce-likar-tramp-potrapiv-v-skandal-cerez-foto-v-obrazi-isusa/,2026-04-13T21:34+03:00,,123,0,0,0.0,neutral
Suspilne,55,"Не думав, що стільки витримаю: командир взводу 30 бригади 486 днів тримав позицію на Донеччині",https://suspilne.media/zhytomyr/1288437-ne-dumav-so-stilki-vitrimau-komandir-vzvodu-30-brigadi-486-dniv-trimav-poziciu-na-doneccini/,2026-04-13T21:31+03:00,,316,5,2,0.009494,positive
Suspilne,56,Українські роботи вперше взяли ворожу позицію без участі піхоти — Зеленський,https://suspilne.media/1288495-ukrainski-roboti-vperse-vzali-vorozu-poziciu-bez-ucasti-pihoti-zelenskij/,2026-04-13T20:59+03:00,,155,2,1,0.006452,positive
Suspilne,57,Ситуація біля Миропільського: ЗСУ перейшли на нові позиції через інтенсивні бої,https://suspilne.media/sumy/1288469-situacia-bila-miropilskogo-zsu-perejsli-na-novi-pozicii-cerez-intensivni-boi/,2026-04-13T20:05+03:00,,97,0,1,-0.010309,negative
Suspilne,58,У Києві та регіонах відключення електроенергії 14 квітня не прогнозуються — Укренерго,https://suspilne.media/1288479-u-kievi-ta-regionah-vidklucenna-elektroenergii-14-kvitna-ne-prognozuutsa-ukrenergo/,2026-04-13T20:03+03:00,,58,0,0,0.0,neutral
Suspilne,59,"Венеційська бієнале може втратити фінансування, якщо залишить діяти Російський павільйон: що вирішила Єврокомісія",https://suspilne.media/culture/1288391-venecijske-bienale-moze-vtratiti-finansuvanna-akso-zalisit-diati-rosijskij-paviljon-so-virisila-evrokomisia/,2026-04-13T19:53+03:00,,417,1,6,-0.01199,negative
Suspilne,60,Україна створила потужну оборонну індустрію і виходить на нову модель міжнародної співпраці — Зеленський,https://suspilne.media/1288473-ukraina-stvorila-potuznu-oboronnu-industriu-i-vihodit-na-novu-model-miznarodnoi-spivpraci-zelenskij/,2026-04-13T19:50+03:00,,150,3,0,0.02,positive
Suspilne,61,"""Не маємо морального права"". Тренер України з водного поло описав реакцію команди на можливий матч з ""Росією""",https://suspilne.media/sport/1288421-ne-maemo-moralnogo-prava-trener-ukraini-z-vodnogo-polo-opisav-reakciu-komandi-na-mozlivij-matc-z-rosieu/,2026-04-13T19:40+03:00,,180,0,2,-0.011111,negative
Suspilne,62,"У Миколаєві працівниця зоопарку виходила рись і пуму, вигодувавши їх удома. СУСПІЛЬНЕ | ТВАРИНИ",https://suspilne.media/1288451-u-mikolaevi-pracivnica-zooparku-vihodila-ris-i-pumu-vigoduvavsi-ih-udoma-suspilne-tvarini/,2026-04-13T19:22+03:00,,42,0,0,0.0,neutral
Suspilne,63,"“Ми оговталися, але тригерні моменти залишаються”: історія родини після удару по Сумах. СУСПІЛЬНЕ | ЛЮДИ",https://suspilne.media/1288445-mi-ogovtalisa-ale-trigerni-momenti-zalisautsa-istoria-rodini-pisla-udaru-po-sumah-suspilne-ludi/,2026-04-13T19:13+03:00,,64,1,3,-0.03125,negative
Suspilne,64,"""Фронт не мовчав"". Як війська РФ порушували ""великоднє перемир'я"" на лінії зіткнення та у містах Донеччини",https://suspilne.media/donbas/1288213-front-ne-movcav-ak-vijska-rf-porusuvali-velikodne-peremira-na-linii-zitknenna-ta-u-mistah-doneccini/,2026-04-13T19:10+03:00,,579,0,9,-0.015544,negative
Suspilne,65,Трамп пригрозив знищувати судна біля іранських портів,https://suspilne.media/1288419-tramp-prigroziv-znisuvati-sudna-bila-iranskih-portiv/,2026-04-13T18:20+03:00,,424,2,6,-0.009434,negative
Suspilne,66,З Києва до аеропорта Кишинева: 13 квітня з української столиці вирушив тестовий потяг до Реваки,https://suspilne.media/kyiv/1288201-z-kieva-do-aeroporta-kisineva-13-kvitna-z-ukrainskoi-stolici-virusae-testovij-potag-do-revaki/,2026-04-13T18:06+03:00,,81,0,0,0.0,neutral
Suspilne,67,У Києві батька п'ятьох дітей з відстрочкою від служби оштрафували на 56 тис. грн. У ТЦК прокоментували,https://suspilne.media/kyiv/1288357-u-kievi-batka-patoh-ditej-z-vidstrockou-vid-sluzbi-ostrafuvali-na-56-tis-grn-u-tck-prokomentuvali/,2026-04-13T17:54+03:00,,107,0,0,0.0,neutral
Suspilne,68,"“Якщо Путін подзвонить, я відповім”: Мадяр натякнув на перегляд контрактів і відносин із Росією",https://suspilne.media/1288397-akso-putin-podzvonit-a-vidpovim-madar-nataknuv-na-pereglad-kontraktiv-i-vidnosin-z-rosieu/,2026-04-13T17:52+03:00,,184,3,1,0.01087,positive
Suspilne,69,"У лікарні Дніпра померла 60-річна Марина Новикова, яка дістала поранення під час обстрілу Нікополя 5 квітня",https://suspilne.media/dnipro/1288379-u-likarni-dnipra-pomerla-60-ricna-marina-novikova-aka-distala-poranenna-pid-cas-obstrilu-nikopola-5-kvitna/,2026-04-13T17:32+03:00,,75,0,5,-0.066667,negative
Suspilne,70,Необґрунтовані активи на 368 мільйонів гривень: статки й скандали колишніх та нинішніх очільників обласних ТЦК,https://suspilne.media/1288307-368-miljoniv-neobgruntovanih-aktiviv-pro-statki-ta-skandali-kolisnih-ta-ninisnih-ocilnikiv-oblasnih-tck/,2026-04-13T17:31+03:00,,1801,5,5,0.0,neutral
Suspilne,71,Особливу увагу приділяють прибережним територіям і руслу Горині: зниклого хлопчика шукають дев'ятий день на Рівненщині,https://suspilne.media/rivne/1288347-osoblivu-uvagu-pridilaut-pribereznim-teritoriam-i-ruslu-gorini-zniklogo-hlopcika-sukaut-devatij-den-na-rivnensini/,2026-04-13T17:27+03:00,,151,1,0,0.006623,positive
Suspilne,72,В Ірані 2025-го стратили понад 1600 людей: це найбільший показник за 35 років,https://suspilne.media/1288177-v-irani-u-2025-stratili-ponad-1600-ludej-ce-najbilsij-pokaznik-za-35-rokiv/,2026-04-13T17:26+03:00,,186,0,1,-0.005376,negative
Suspilne,73,Новий політичний тон в Угорщині: Петер Мадяр про Україну і помилки минулого,https://suspilne.media/1288359-novij-politicnij-ton-v-ugorsini-peter-madar-pro-ukrainu-i-pomilki-minulogo/,2026-04-13T17:13+03:00,,179,4,0,0.022346,positive
Suspilne,74,Семирічний хлопчик та літній чоловік дістали поранень внаслідок удару РФ по Богодухову 13 квітня: що відомо,https://suspilne.media/kharkiv/1288337-semiricnij-hlopcik-ta-litnij-colovik-distali-poranen-vnaslidok-udaru-rf-po-bogoduhovu-13-kvitna-so-vidomo/,2026-04-13T17:09+03:00,,53,0,2,-0.037736,negative
Suspilne,75,Мадяр виступив проти прискореного вступу України до Євросоюзу,https://suspilne.media/1288321-madar-vistupiv-proti-priskorenogo-vstupu-ukraini-do-evrosouzu/,2026-04-13T17:04+03:00,,118,2,0,0.016949,positive
Suspilne,76,Дружину прем'єр-міністра Іспанії звинувачують в корупції,https://suspilne.media/1288273-druzinu-premer-ministra-ispanii-zvinuvacuut-v-korupcii/,2026-04-13T16:59+03:00,,132,0,4,-0.030303,negative
Suspilne,77,У Великій Британії експоліцейського позбавили громадянства через зв'язки з РФ,https://suspilne.media/1288017-u-velikij-britanii-ekspolicejskogo-pozbavili-gromadanstva-cerez-zvazki-z-rf/,2026-04-13T16:49+03:00,,187,1,1,0.0,neutral
Suspilne,78,В Австралії вперше за 125 років армію очолить жінка,https://suspilne.media/1287921-v-avstralii-vperse-za-125-rokiv-armiu-ocolit-zinka/,2026-04-13T16:46+03:00,,90,0,0,0.0,neutral
Suspilne,79,"Тюремний вирок отримав інформатор ФСБ, який коригував обстріли Сумської, Дніпропетровської та Донецької областей",https://suspilne.media/sumy/1288325-turemnij-virok-otrimav-informator-fsb-akij-koriguvav-obstrili-sumskoi-dnipropetrovskoi-ta-doneckoi-oblastej/,2026-04-13T16:40+03:00,,219,0,1,-0.004566,negative
Suspilne,80,"У Кремлі назвали Угорщину ""недружньою"" країною та заявили, що не вітатимуть Мадяра з перемогою на виборах",https://suspilne.media/1288293-u-kremli-nazvali-ugorsinu-nedruznou-krainou-ta-zaavili-so-ne-vitatimut-madara-iz-peremogou-na-parlamentskih-viborah/,2026-04-13T16:23+03:00,,118,4,0,0.033898,positive
Suspilne,81,"У Кремлі назвали Угорщину ""недружньою"" країною та заявили, що не вітатимуть Мадяра з перемогою на виборах",https://suspilne.media/1288293-u-kremli-nazvali-ugorsinu-nedruznou-krainou-ta-zaavili-so-ne-vitatimut-madara-iz-peremogou-na-parlamentskih-viborah/,2026-04-13T16:23+03:00,,118,4,0,0.033898,positive
Suspilne,82,У Німеччині розпочався дводенний страйк пілотів Lufthansa: буде скасовано сотні рейсів,https://suspilne.media/1288303-u-nimeccini-rozpocavsa-dvodennij-strajk-pilotiv-lufthansa-bude-skasovano-sotni-rejsiv/,2026-04-13T16:15+03:00,,98,0,0,0.0,neutral
Suspilne,83,"Швеція відпустила балкер Hui Yuan, що прямував із РФ, але оштрафувала капітана",https://suspilne.media/1288235-svecia-vidpustila-balker-hui-yuan-so-pramuvav-iz-rf-ale-ostrafuvala-kapitana/,2026-04-13T16:00+03:00,,86,0,1,-0.011628,negative
Suspilne,84,"Кредит на €90 млрд, відносини з РФ та Україною: Мадяр зробив перші заяви за підсумками виборів",https://suspilne.media/1288275-istoriu-ugorsini-pisut-na-vulicah-kraini-madar-dav-preskonferenciu-za-pidsumkami-viboriv/,2026-04-13T15:54+03:00,,345,5,4,0.002899,positive
Suspilne,85,США переслідуватиме всіх покупців іранської нафти — Мін'юст,https://suspilne.media/1288269-ssa-peresliduvatime-vsih-pokupciv-iranskoi-nafti-minust/,2026-04-13T15:51+03:00,,386,2,6,-0.010363,negative
Suspilne,86,"Штурми піхоти на Вовчанському напрямку та рекорд втрат РФ на півночі регіону: військові про ""великоднє перемир'я""",https://suspilne.media/kharkiv/1288121-sturmi-pihoti-na-vovcansini-ta-antirekord-vtrat-rf-na-pivnoci-regionu-ak-minulo-velikodne-peremira-na-harkivsini/,2026-04-13T15:44+03:00,,376,1,8,-0.018617,negative
Suspilne,87,З початку війни США проти Ірану витрати ЄС на енергоносії зросли на 22 мільярди євро,https://suspilne.media/1288253-z-pocatku-vijni-ssa-proti-iranu-vitrati-es-na-energonosii-zrosli-na-22-mlrd-evro/,2026-04-13T15:43+03:00,,528,6,5,0.001894,positive
Suspilne,88,"Російське судно, завантажене зерном з Криму, зайшло у сирійський порт — Яресько",https://suspilne.media/crimea/1288195-rosijske-sudno-zavantazene-zernom-z-krimu-zajslo-u-sirijskij-port-aresko/,2026-04-13T15:11+03:00,,89,0,1,-0.011236,negative
Suspilne,89,"""Всі домовленості — це тільки слова"". Комбат 66 бригади розповів, чи дотримувалася РФ ""режиму тиші"" біля Лимана",https://suspilne.media/donbas/1288117-vsi-domovlenosti-ce-tilki-slova-kombat-66-brigadi-rozpoviv-ci-dotrimuvalasa-rf-rezimu-tisi-bila-limana/,2026-04-13T15:04+03:00,,93,0,1,-0.010753,negative
Suspilne,90,Мультимедіа і лабораторії: уряд затвердив порядок надання субвенцій на 700 мільйонів гривень для українських шкіл,https://suspilne.media/1288197-multimedia-i-laboratorii-urad-zatverdiv-poradok-nadanna-subvencij-na-700-mln-griven-dla-ukrainskih-skil/,2026-04-13T15:04+03:00,,115,1,0,0.008696,positive
Suspilne,91,Мультимедіа і лабораторії: уряд затвердив порядок надання субвенцій на 700 мільйонів гривень для українських шкіл,https://suspilne.media/1288197-multimedia-i-laboratorii-urad-zatverdiv-poradok-nadanna-subvencij-na-700-mln-griven-dla-ukrainskih-skil/,2026-04-13T15:04+03:00,,115,1,0,0.008696,positive
Suspilne,92,Дрон РФ влучив у поліцейську автівку в Білопіллі,https://suspilne.media/sumy/1288165-dron-rf-vluciv-u-policejsku-avtivku-u-bilopilli/,2026-04-13T15:00+03:00,,46,1,2,-0.021739,negative
Suspilne,93,Додаткове фінансування кіностудії Довженка від Кабміну піде на зарплати та комунальні платежі — Дончик,https://suspilne.media/culture/1288089-dodatkove-finansuvanna-kinostudii-dovzenka-vid-kabminu-pide-na-zarplati-ta-komunalni-platezi-andrij-doncik/,2026-04-13T15:00+03:00,,355,2,4,-0.005634,negative
Suspilne,94,В Україні запускають нову модель оборонних закупівель,https://suspilne.media/1288153-v-ukraini-zapuskaut-novu-model-oboronnih-zakupivel/,2026-04-13T14:35+03:00,,76,1,0,0.013158,positive
Suspilne,95,"У Кремлі заявили, що розраховують на ""прагматичні контакти"" з новим керівництвом Угорщини",https://suspilne.media/1288115-u-kremli-zaavili-so-rozrahovuut-na-pragmaticni-kontakti-z-novim-kerivnictvom-ugorsini/,2026-04-13T14:17+03:00,,128,3,0,0.023438,positive
Suspilne,96,Російський дрон атакував чоловіка у Херсоні: його з травмами доправили до лікарні,https://suspilne.media/kherson/1288143-rosijskij-dron-atakuvav-colovika-u-hersoni-jogo-z-travmami-dopravili-do-likarni/,2026-04-13T14:16+03:00,,67,1,2,-0.014925,negative
Suspilne,97,Британія не долучиться до блокади Ормузької протоки,https://suspilne.media/1288129-britania-ne-dolucitsa-do-blokadi-ormuzkoi-protoki/,2026-04-13T14:08+03:00,,405,2,8,-0.014815,negative
Suspilne,98,"Розстріл українських воїнів біля Ветеринарного на Харківщині: імена загиблих встановили, забрати тіла наразі неможливо",https://suspilne.media/kharkiv/1288111-vstanovili-osobi-rozstrilanih-vijskovopolonenih-u-veterinarnomu-na-harkivsini/,2026-04-13T13:50+03:00,,76,0,0,0.0,neutral
Suspilne,99,Україна готує кілька безпекових угод із партнерами — Зеленський,https://suspilne.media/1288077-ukraina-gotue-kilka-bezpekovih-ugod-iz-partnerami-u-evropi-zelenskij/,2026-04-13T13:38+03:00,,88,1,0,0.011364,positive
Suspilne,100,"Смерть у Стецьківці: як дрони РФ блокують роботу ""швидкої"" на кордоні",https://suspilne.media/sumy/1287691-smert-u-steckivci-ak-droni-rf-blokuut-robotu-svidkoi-na-kordoni/,2026-04-13T13:37+03:00,,550,9,6,0.005455,positive
Ukr Pravda,1,NVIDIA планує придбати великого виробника ПК – ЗМІ,https://mezha.ua/news/nvidia-to-acquire-pc-manufacturer-310280,2026-04-14T00:53+02:00,technologies,159,0,0,0.0,neutral
Ukr Pravda,2,Федоров: Бельгія та Іспанія виділяють по 1 млрд євро допомоги Україні,https://www.pravda.com.ua/news/2026/04/14/8030021/,2026-04-14T01:41+02:00,politics,138,7,0,0.050725,positive
Ukr Pravda,3,Німецька компанія представила концепт повністю електричного круїзного лайнера на 1 856 пасажирів,https://mezha.ua/news/predstavleno-koncept-povnistyu-elektrichnogo-krujiznogo-laynera-310279,2026-04-14T02:37+02:00,technologies,238,1,0,0.004202,positive
Ukr Pravda,4,DeepState: Росіяни просунулись поблизу трьох населених пунктів на Сумщині,https://www.pravda.com.ua/news/2026/04/14/8030023/,2026-04-14T03:40+02:00,politics,42,0,0,0.0,neutral
Ukr Pravda,5,"Венс заявив про прогрес на переговорах і закликав Іран ""проявити гнучкість""",https://www.pravda.com.ua/news/2026/04/14/8030024/,2026-04-14T04:13+02:00,politics,195,1,1,0.0,neutral
Ukr Pravda,6,Американські військові заявили про удар по судну наркоторговців у Тихому океані,https://www.pravda.com.ua/news/2026/04/14/8030025/,2026-04-14T05:15+02:00,politics,103,0,0,0.0,neutral
Ukr Pravda,7,У Мелітополі та Криму пролунали вибухи: спалахнули пожежі,https://www.pravda.com.ua/news/2026/04/14/8030026/,2026-04-14T05:57+02:00,politics,73,0,8,-0.109589,negative
Ukr Pravda,8,Новий раунд переговорів між США та Іраном може відбутися 16 квітня – ЗМІ,https://www.pravda.com.ua/news/2026/04/14/8030027/,2026-04-14T06:22+02:00,politics,66,0,0,0.0,neutral
Ukr Pravda,9,ЗСУ знешкодили ще 820 окупантів та 38 артсистем ворога за добу,https://www.pravda.com.ua/news/2026/04/14/8030028/,2026-04-14T06:50+02:00,politics,33,0,3,-0.090909,negative
Ukr Pravda,10,Росіяни атакували Харків дронами: є постраждалі,https://www.pravda.com.ua/news/2026/04/14/8030029/,2026-04-14T07:11+02:00,politics,100,1,1,0.0,neutral
Ukr Pravda,11,З Росії та Білорусі зняли всі санкції у водних видах спорту,https://champion.com.ua/ukr/swimming/z-rosiyskih-sportsmeniv-znyali-vsi-sankciji-u-vodnih-vidah-sportu-1069992,2026-04-14T07:38+02:00,sport,91,0,3,-0.032967,negative
Ukr Pravda,12,"Окупанти гатили по Дніпропетровщині: вирували пожежі, пошкоджено інфраструктуру",https://www.pravda.com.ua/news/2026/04/14/8030031/,2026-04-14T07:42+02:00,politics,67,0,5,-0.074627,negative
Ukr Pravda,13,"Окупанти атакували порт в Ізмаїлі: вирувала пожежа, пошкоджено обладнання і судно",https://www.pravda.com.ua/news/2026/04/14/8030045/,2026-04-14T08:14+02:00,politics,104,2,2,0.0,neutral
Ukr Pravda,14,"За добу на фронті було 125 боєзіткнень, найбільше – на Покровському напрямку",https://www.pravda.com.ua/news/2026/04/14/8030047/,2026-04-14T08:21+02:00,politics,240,0,7,-0.029167,negative
Ukr Pravda,15,Росіяни атакували 4 ракетами і 129 дронами: сили ППО знешкодили 114 БпЛА та ракету,https://www.pravda.com.ua/news/2026/04/14/8030048/,2026-04-14T08:41+02:00,politics,138,0,1,-0.007246,negative
Ukr Pravda,16,Подрез розгромила чемпіонку US Open-2017 і здобула дебютну перемогу на турнірі серії WTA 250,https://champion.com.ua/ukr/tennis/podrez-zdobula-svoyu-debyutnu-peremogu-na-turniri-seriji-wta-250-1070020,2026-04-14T08:54+02:00,sport,69,2,0,0.028986,positive
Ukr Pravda,17,У США чоловіка звинувачують у замаху на CEO OpenAI – підозрюваний заявляв про вимирання людства через ШІ,https://mezha.ua/news/u-ssha-cholovika-zvinuvachuyut-u-zamahu-na-ceo-openai-cherez-strahi-shchodo-shi-310282,2026-04-14T09:09+02:00,technologies,161,1,1,0.0,neutral
Ukr Pravda,18,Сибіга і Каллас поговорили про розблокування 90 млрд євро кредиту для України,https://www.pravda.com.ua/news/2026/04/14/8030052/,2026-04-14T09:16+02:00,politics,88,3,1,0.022727,positive
Ukr Pravda,19,Ціна на нафту знову впала нижче 100 доларів на тлі надії на мир в Ірані,https://epravda.com.ua/energetika/cini-na-naftu-znovu-vpali-820368,2026-04-14T09:20+02:00,economics,82,2,1,0.012195,positive
Ukr Pravda,20,"У Броварах стався теракт, є поранений",https://www.pravda.com.ua/news/2026/04/14/8030056/,2026-04-14T09:25+02:00,politics,110,1,6,-0.045455,negative
Ukr Pravda,21,США вимагали від Ірану 20-річного мораторію на збагачення урану – ЗМІ,https://www.pravda.com.ua/news/2026/04/14/8030057/,2026-04-14T09:43+02:00,politics,112,0,1,-0.008929,negative
Ukr Pravda,22,Дрони РФ вдарили по лікарні та авто в центрі Херсона: 5 поранених,https://www.pravda.com.ua/news/2026/04/14/8030059/,2026-04-14T09:57+02:00,politics,137,2,5,-0.021898,negative
Ukr Pravda,23,ЗАЕС втратила зовнішнє енергоживлення – МАГАТЕ,https://epravda.com.ua/energetika/zaes-vtratila-zovnishnye-zhivlennya-820370,2026-04-14T10:09+02:00,economics,61,1,0,0.016393,positive
Ukr Pravda,24,Ризик інфарктів та інсультів у людей з нерегулярним режимом можуть подвоюватися – дослідження,https://life.pravda.com.ua/health/rizik-infarktiv-ta-insultiv-u-lyudey-z-neregulyarnim-rezhimom-mozhut-podvoyuvatisya-doslidzhennya-314392,2026-04-14T10:18+02:00,life,374,5,0,0.013369,positive
Ukr Pravda,25,Військовий збір на три роки після війни: Зеленський підписав законопроєкт,https://epravda.com.ua/biznes/viyskoviy-zbir-na-tri-roki-pislya-viyni-zelenskiy-pidpisav-zakonoproyekt-820373,2026-04-14T10:37+02:00,economics,107,0,0,0.0,neutral
Ukr Pravda,26,Бої біля Мар’їного: Трегубов уточнив щодо просування росіян на Сумщині,https://www.pravda.com.ua/news/2026/04/14/8030065/,2026-04-14T10:51+02:00,politics,86,0,0,0.0,neutral
Ukr Pravda,27,У Берліні анонсували зустріч Зеленського з Мерцом 14 квітня,https://www.pravda.com.ua/news/2026/04/14/8030066/,2026-04-14T10:56+02:00,politics,64,0,0,0.0,neutral
Ukr Pravda,28,"Забрала виплати за час полону: суд зобов'язав матір повернути сину-військовому 3,9 млн грн",https://life.pravda.com.ua/society/matir-viyskovogo-zobov-yazali-povernuti-sinu-mayzhe-4-mln-viplat-za-chas-yogo-polonu-314393,2026-04-14T11:20+02:00,life,204,0,0,0.0,neutral
Ukr Pravda,29,Блокада США Ормузької протоки: морський трафік різко скоротився,https://epravda.com.ua/biznes/blokada-ssha-ormuzkoji-protoki-morskiy-trafik-rizko-skorotivsya-820375,2026-04-14T11:23+02:00,economics,251,1,4,-0.011952,negative
Ukr Pravda,30,"""Сувенірні канабіноїди"": поліція проводить обшуки в мережі магазинів U420",https://www.pravda.com.ua/news/2026/04/14/8030071/,2026-04-14T11:30+02:00,politics,173,0,0,0.0,neutral
Ukr Pravda,31,"""СвітлоДІМ"": почався прийом заявок у Харкові та області",https://epravda.com.ua/biznes/svitlodim-pochavsya-priyom-zayavok-u-harkovi-ta-oblasti-820376,2026-04-14T11:33+02:00,economics,134,3,1,0.014925,positive
Ukr Pravda,32,"На Львівщині засудили чоловіка, який напідпитку зґвалтував 13-річну племінницю",https://life.pravda.com.ua/society/na-lvivshchini-zasudili-cholovika-za-zgvaltuvannya-pleminnici-314394,2026-04-14T11:36+02:00,life,146,1,1,0.0,neutral
Ukr Pravda,33,В Україну йде потепління,https://www.pravda.com.ua/news/2026/04/14/8030074/,2026-04-14T11:42+02:00,politics,74,0,0,0.0,neutral
Ukr Pravda,34,Росіяни вдарили по адмінбудівлях у Чернігові: двоє поранених,https://www.pravda.com.ua/news/2026/04/14/8030075/,2026-04-14T11:47+02:00,politics,99,0,7,-0.070707,negative
Ukr Pravda,35,"Зеленський прибув до Німеччини, де зустрінеться Мерцом",https://www.pravda.com.ua/news/2026/04/14/8030076/,2026-04-14T11:53+02:00,politics,55,0,0,0.0,neutral
Ukr Pravda,36,"Хокейний київський ""Сокіл"" може заявитися в чемпіонат Польщі або Румунії",https://champion.com.ua/ukr/ice-hockey/kijivskiy-sokil-rozglyadaye-variant-iz-perehodom-u-zarubizhnu-ligu-1070038,2026-04-14T12:01+02:00,sport,109,0,0,0.0,neutral
Ukr Pravda,37,"РФ повторно вдарила по Одещині, пошкодивши судно під прапором Ліберії",https://www.pravda.com.ua/news/2026/04/14/8030077/,2026-04-14T12:12+02:00,politics,119,2,3,-0.008403,negative
Ukr Pravda,38,15 людей постраждали через російський удар по Дніпру,https://www.pravda.com.ua/news/2026/04/14/8030081/,2026-04-14T12:25+02:00,politics,76,0,8,-0.105263,negative
Ukr Pravda,39,"Буданов каже, що не боїться сперечатися з Зеленським",https://www.pravda.com.ua/news/2026/04/14/8030079/,2026-04-14T12:26+02:00,politics,67,1,0,0.014925,positive
Ukr Pravda,40,"Росіяни на Сумщині намагались прорватись в тил десантникам через газову трубу, їх знищили",https://www.pravda.com.ua/news/2026/04/14/8030080/,2026-04-14T12:27+02:00,politics,104,0,1,-0.009615,negative
Ukr Pravda,41,НАБУ арештувало екстрадованого організатора оборудки на 13 мільйонів,https://epravda.com.ua/power/v-ukrajinu-ekstraduvali-organizatora-milyonnoji-oborudki-820378,2026-04-14T12:37+02:00,economics,95,0,1,-0.010526,negative
Ukr Pravda,42,Зеленський поговорив із генсеком НАТО і анонсував новини щодо PURL,https://www.pravda.com.ua/news/2026/04/14/8030082/,2026-04-14T12:39+02:00,politics,75,2,0,0.026667,positive
Ukr Pravda,43,Президент підписав закон щодо звільнення власників зруйнованого житла від комуналки,https://epravda.com.ua/biznes/prezident-pidpisav-zakon-shchodo-zvilnennya-vlasnikiv-zruynovanogo-zhitla-vid-komunalki-820380,2026-04-14T12:42+02:00,economics,169,2,2,0.0,neutral
Ukr Pravda,44,Росіяни скинули шість авіабомб на греблю у Харківській області,https://epravda.com.ua/biznes/rosiyani-skinuli-shist-aviabomb-na-greblyu-u-harkivskiy-oblasti-820385,2026-04-14T13:10+02:00,economics,155,1,5,-0.025806,negative
Ukr Pravda,45,"Анімаційний фільм ""Київський торт"" у шортлісті Європейської кінопремії",https://life.pravda.com.ua/culture/animaciyniy-film-kijivskiy-tort-u-shortlisti-european-film-awards-314396,2026-04-14T13:15+02:00,life,159,2,0,0.012579,positive
Ukr Pravda,46,"Опозиційна партія ""Тиса"" здобула конституційну більшість у парламенті Угорщини",https://www.pravda.com.ua/news/2026/04/13/8029891/,2026-04-13T00:08+02:00,politics,147,0,0,0.0,neutral
Ukr Pravda,47,США оголосили про морську блокаду Ірану,https://www.pravda.com.ua/news/2026/04/13/8029892/,2026-04-13T01:01+02:00,politics,55,0,2,-0.036364,negative
Ukr Pravda,48,"Росіяни запустили по Україні ""Шахеди"" та КАБи, у низці областей – тривога",https://www.pravda.com.ua/news/2026/04/13/8029893/,2026-04-13T01:27+02:00,politics,67,0,4,-0.059701,negative
Ukr Pravda,49,Італієць Сіннер виграв Мастерс у Монте-Карло і повернув собі лідерство у світовому рейтингу,https://champion.com.ua/ukr/tennis/tenis-monte-karlo-sinner-stav-chempionom-mastersu-obigravshi-alkarasa-1069913,2026-04-13T01:42+02:00,sport,104,0,0,0.0,neutral
Ukr Pravda,50,У Нігерії військові помилково вдарили по ринку: загинули понад 100 цивільних,https://www.pravda.com.ua/news/2026/04/13/8029896/,2026-04-13T03:24+02:00,politics,110,1,2,-0.009091,negative
Ukr Pravda,51,Угорщина знову стане сильним союзником у ЄС та НАТО – Мадяр,https://www.pravda.com.ua/news/2026/04/13/8029897/,2026-04-13T04:51+02:00,politics,198,2,4,-0.010101,negative
Ukr Pravda,52,Ціни на газ у Європі підскочили на 18% через намір Трампа заблокувати Ормузьку протоку,https://www.pravda.com.ua/news/2026/04/13/8029898/,2026-04-13T05:27+02:00,politics,131,1,1,0.0,neutral
Ukr Pravda,53,Ціни на нафту зросли на 7% через намір США розпочати морську блокаду Ірану,https://www.pravda.com.ua/news/2026/04/13/8029899/,2026-04-13T06:18+02:00,politics,176,1,4,-0.017045,negative
Ukr Pravda,54,Ізраїльські військові двічі протаранили танком автомобілі миротворців ООН у Лівані,https://www.pravda.com.ua/news/2026/04/13/8029900/,2026-04-13T06:52+02:00,politics,145,3,0,0.02069,positive
Ukr Pravda,55,За добу Росія втратила ще 960 військових та 237 одиниць техніки у війні проти України – Генштаб,https://www.pravda.com.ua/news/2026/04/13/8029901/,2026-04-13T07:03+02:00,politics,37,0,4,-0.108108,negative
Ukr Pravda,56,Трамп розлютився на Папу Римського за його позицію щодо війни в Ірані,https://www.pravda.com.ua/news/2026/04/13/8029902/,2026-04-13T07:21+02:00,politics,154,0,0,0.0,neutral
Ukr Pravda,57,Жіноча збірна України виграла золото у півмарафоні на командному чемпіонаті світу зі спортивної ходьби,https://champion.com.ua/ukr/athletics/chs-2026-zi-sportivnoji-hodbi-zhinocha-zbirna-ukrajini-vigrala-zoloto-u-komandnomu-pivmarafoni-1069934,2026-04-13T07:59+02:00,sport,85,0,0,0.0,neutral
Ukr Pravda,58,Росіяни атакували Комишани на Херсонщині: двоє людей поранені,https://www.pravda.com.ua/news/2026/04/13/8029909/,2026-04-13T08:07+02:00,politics,88,0,3,-0.034091,negative
Ukr Pravda,59,"За час ""перемир’я"" РФ порушила режим припинення вогню майже 11 тисяч разів – Генштаб",https://www.pravda.com.ua/news/2026/04/13/8029911/,2026-04-13T08:24+02:00,politics,235,1,4,-0.012766,negative
Ukr Pravda,60,"Від ""байрактарщини"" до альбомів Третьої Штурмової. Як в Україні народжується зброярська музика",https://oboronka.mezha.ua/zbroyarska-muzika-310243/?fbclid=IwY2xjawRJXyVleHRuA2FlbQIxMABicmlkETF1ZU9JdlBhbGxNTUh0YUJSc3J0YwZhcHBfaWQQMjIyMDM5MTc4ODIwMDg5MgABHllOTyS__6B-qwN9vCLFTO8LtB17FA9qtg-YypcUtHSr9paJOrTxY-LwQGnU_aem_rMqsBqOlmdrGbKlByVBS_g,2026-04-13T08:31+02:00,defence,825,3,0,0.003636,positive
Ukr Pravda,61,"Після закінчення ""перемир’я"" РФ атакувала майже сотнею дронів: ППО знешкодила 87 БпЛА",https://www.pravda.com.ua/news/2026/04/13/8029913/,2026-04-13T08:44+02:00,politics,76,0,1,-0.013158,negative
Ukr Pravda,62,"Українець Яремчук забив дебютний гол у чемпіонаті Франції і допоміг ""Ліону"" здолати ""Лор'ян""",https://champion.com.ua/ukr/football/rezultati-29-turu-ligi-1-peremogi-liona-ta-lillya-1069941,2026-04-13T09:02+02:00,sport,103,0,0,0.0,neutral
Ukr Pravda,63,Україна зняла рекомендації громадянам утриматись від поїздок до Угорщини,https://www.pravda.com.ua/news/2026/04/13/8029917/,2026-04-13T09:06+02:00,politics,163,1,0,0.006135,positive
Ukr Pravda,64,"Код, що забезпечив посадку місії Apollo 11 на Місяць у 1969 році, виклали онлайн",https://mezha.ua/news/nasa-oprilyudnilo-kod-polotu-misiji-apollo-11-310248/,2026-04-13T09:15+02:00,technologies,158,2,0,0.012658,positive
Ukr Pravda,65,"Фіцо у привітанні Мадяра з перемогою згадав про спільний інтерес до ""Дружби""",https://www.pravda.com.ua/news/2026/04/13/8029921/,2026-04-13T09:48+02:00,politics,136,7,1,0.044118,positive
Ukr Pravda,66,Харків'янка коригувала удари РФ по місту з лавочки в парку – жінку арештовано,https://www.pravda.com.ua/news/2026/04/13/8029922/,2026-04-13T10:14+02:00,politics,154,1,3,-0.012987,negative
Ukr Pravda,67,"Сійярто, який працював на росіян, зник з публічного простору після поразки Орбана – ЗМІ",https://www.pravda.com.ua/news/2026/04/13/8029923/,2026-04-13T10:15+02:00,politics,61,0,0,0.0,neutral
Ukr Pravda,68,"Музичук не змогла дотиснути Горячкіну, але наблизилась до першого місця турніру претенденток",https://champion.com.ua/ukr/chess/muzichuk-provela-yaskravu-partiyu-proti-rosiyanki-goryachkinoji-na-yakomu-misci-ukrajinka-v-turniri-pretendentok-1069927,2026-04-13T10:16+02:00,sport,130,2,0,0.015385,positive
Ukr Pravda,69,Росіяни атакували енергообʼєкт на Чернігівщині,https://epravda.com.ua/biznes/rosiyani-atakuvali-energoob-yekt-na-chernigivshchini-820342,2026-04-13T10:27+02:00,economics,83,0,2,-0.024096,negative
Ukr Pravda,70,"Росіяни атакували Дніпро: пошкоджена інфраструктура, одна людина поранена",https://www.pravda.com.ua/news/2026/04/13/8029926/,2026-04-13T10:42+02:00,politics,79,1,1,0.0,neutral
Ukr Pravda,71,Поминальні дні в Україні: киян закликають обирати живі квіти замість штучних,https://life.pravda.com.ua/society/u-kmda-zaklikali-obirati-zhivi-kviti-zamist-shtuchnih-na-pominalni-dni-314375,2026-04-13T10:50+02:00,life,126,0,0,0.0,neutral
Ukr Pravda,72,Внаслідок бойових дій та обстрілів є знеструмлення у двох областях,https://epravda.com.ua/biznes/vnaslidok-boyovih-diy-ta-obstriliv-ye-znestrumlennya-u-dvoh-oblastyah-820343,2026-04-13T10:53+02:00,economics,89,0,2,-0.022472,negative
Ukr Pravda,73,Прокуратура передала до суду справу постачальника вугілля для Трипільської ТЕС,https://epravda.com.ua/biznes/prokuratura-peredala-do-sudu-spravu-postachalnika-vugillya-dlya-tripilskoji-tes-820344,2026-04-13T11:28+02:00,economics,159,0,1,-0.006289,negative
Ukr Pravda,74,Росіяни поновили удари по залізниці: на Дніпропетровщині евакуювали 500 пасажирів,https://www.pravda.com.ua/news/2026/04/13/8029931/,2026-04-13T11:48+02:00,politics,121,2,5,-0.024793,negative
Ukr Pravda,75,Британія не підтримає анонсовану США блокаду іранських портів – ЗМІ,https://www.pravda.com.ua/news/2026/04/13/8029932/,2026-04-13T11:53+02:00,politics,79,1,3,-0.025316,negative
Ukr Pravda,76,Кабмін спростив закупівлю дронів для тестування інновацій на фронті – Федоров,https://oboronka.mezha.ua/uryad-sprostiv-shlyah-novitnih-rishen-dlya-viyska-310259/,2026-04-13T11:57+02:00,defence,165,4,1,0.018182,positive
Ukr Pravda,77,Легендарний О'Салліван розгромив Хіггінса у снукерному фіналі John Virgo Trophy,https://champion.com.ua/ukr/billiards/o-sallivan-ne-zalishiv-shansiv-higginsu-u-finali-turniru-john-virgo-trophy-1069942,2026-04-13T12:00+02:00,sport,138,2,0,0.014493,positive
Ukr Pravda,78,Тіньові електронні сигарети: правоохоронці викрили масштабну схему,https://epravda.com.ua/biznes/tinovi-elektronni-sigareti-pravoohoronci-vikrili-masshtabnu-shemu-820345,2026-04-13T12:14+02:00,economics,207,2,0,0.009662,positive
Ukr Pravda,79,"Гробки, Провідна неділя, Проводи: що це та коли відзначають в Україні",https://life.pravda.com.ua/society/provodi-2025-koli-vidznachati-i-yak-vshanuvati-pomerlih-307713,2026-04-13T12:22+02:00,life,498,2,0,0.004016,positive
Ukr Pravda,80,"Окупанти скинули КАБи на Рясне, поранень зазнали дві жінки",https://www.pravda.com.ua/news/2026/04/13/8029937/,2026-04-13T12:27+02:00,politics,70,1,2,-0.014286,negative
Ukr Pravda,81,Детінізація економіки: податкова фіксує відчутний прогрес,https://epravda.com.ua/biznes/detinizaciya-ekonomiki-podatkova-fiksuye-vidchutniy-progres-820346,2026-04-13T12:40+02:00,economics,159,1,0,0.006289,positive
Ukr Pravda,82,Сверблять очі навесні? Чому це стається і як собі допомогти,https://life.pravda.com.ua/health/sverbizh-ochey-navesni-307618,2026-04-13T12:41+02:00,life,350,2,0,0.005714,positive
Ukr Pravda,83,"На будинок CEO OpenAI скоїли другий напад за два дні, є затримані",https://mezha.ua/news/sam-altman-attacked-310262/,2026-04-13T12:41+02:00,technologies,131,1,3,-0.015267,negative
Ukr Pravda,84,Зеленський доручив Умєрову фіналізувати драфти кількох безпекових угод із партнерами,https://www.pravda.com.ua/news/2026/04/13/8029940/,2026-04-13T12:44+02:00,politics,121,3,0,0.024793,positive
Ukr Pravda,85,"Папа Римський заявив, що не боїться Трампа, який розлютився через критику війни в Ірані",https://www.pravda.com.ua/news/2026/04/13/8029941/,2026-04-13T13:08+02:00,politics,115,1,1,0.0,neutral
Ukr Pravda,86,"Синоптики розповіли, коли прийде потепління",https://www.pravda.com.ua/news/2026/04/13/8029942/,2026-04-13T13:14+02:00,politics,111,0,0,0.0,neutral
Ukr Pravda,87,"Нікопольський завод феросплавів відсудив у Міндіча та Боголюбова 17,3 мільйона гривень",https://epravda.com.ua/biznes/nikopolskiy-zavod-ferosplaviv-vidsudiv-u-mindicha-ta-bogolyubova-17-3-milyona-griven-820349/,2026-04-13T13:23+02:00,economics,244,1,0,0.004098,positive
Ukr Pravda,88,Неякісні інкубатори для немовлят: суд підтвердив стягнення з постачальника 240 млн грн,https://life.pravda.com.ua/society/sud-zobov-yazav-postachalnika-povernuti-groshi-za-neyakisni-inkubatori-dlya-nemovlyat-314378,2026-04-13T13:25+02:00,life,100,0,0,0.0,neutral
Ukr Pravda,89,"Українець Шульга вперше в кар'єрі зіграв в основній п'ятірці ""Бостона"" і провів рекордний час у матчі НБА",https://champion.com.ua/ukr/basketball/shulga-vpershe-viyshov-u-startovomu-skladi-na-match-nba-1069959,2026-04-13T13:28+02:00,sport,85,1,0,0.011765,positive
Ukr Pravda,90,"Україна двічі виводила ракетоносії в космос і має розвивати перехоплення ракет типу ""Орешник"" – нардеп",https://oboronka.mezha.ua/ukrajina-dvichi-vivodila-raketonosiji-v-kosmos-310261/,2026-04-13T13:32+02:00,defence,258,0,1,-0.003876,negative
Ukr Pravda,91,"Кремль відреагував на поразку Орбана: розраховують на ""прагматичні контакти"" з Мадяром",https://www.pravda.com.ua/news/2026/04/13/8029946/,2026-04-13T14:00+02:00,politics,79,0,0,0.0,neutral
Ukr Pravda,92,У Вашингтоні планують звести 20-поверхову тріумфальну арку за проєктом Трампа: активісти проти,https://life.pravda.com.ua/culture/u-vashingtoni-planuyut-zvesti-20-poverhovu-triumfalnu-arku-za-proyektom-trampa-aktivisti-proti-314376,2026-04-13T14:01+02:00,life,140,0,0,0.0,neutral
Ukr Pravda,93,"НБУ ухвалив рішення про ліквідацію АТ ""Мотор-Банк""",https://epravda.com.ua/biznes/nbu-uhvaliv-rishennya-pro-likvidaciyu-at-motor-bank-820350/,2026-04-13T14:02+02:00,economics,115,0,0,0.0,neutral
Ukr Pravda,94,Морські хвилі спеки посилюють руйнівну силу тропічних циклонів – вчені,https://life.pravda.com.ua/society/doslidniki-z-yasuvali-shcho-prirodno-pidsilyuye-uragan-314377,2026-04-13T14:15+02:00,life,211,3,4,-0.004739,negative
Ukr Pravda,95,"""Нова сторінка в історії"": Україна передала сигнал від Зеленського в Угорщину",https://www.pravda.com.ua/news/2026/04/13/8029950/,2026-04-13T14:18+02:00,politics,119,0,1,-0.008403,negative
Ukr Pravda,96,"Блокування інтернету в Ірані стало другим найдовшим в історії, за Starlink – карають смертю",https://mezha.ua/news/blokuvannya-internetu-v-irani-stalo-drugim-naydovshim-v-istoriji-310257/,2026-04-13T14:28+02:00,technologies,213,0,2,-0.00939,negative
Ukr Pravda,97,Після поразки Орбана ЄС хоче якнайшвидше розблокувати 90 млрд євро для України,https://www.pravda.com.ua/news/2026/04/13/8029955/,2026-04-13T14:44+02:00,politics,251,2,5,-0.011952,negative
Ukr Pravda,98,Збірна України з водного поло не вийде на матч проти Росії попри загрозу дискваліфікації,https://champion.com.ua/ukr/water-polo/ukrajina-ne-viyde-na-match-proti-rosiji-za-ce-mozhe-buti-pokarannya-vid-mizhnarodnoji-federaciji-1069987/,2026-04-13T14:45+02:00,sport,207,0,2,-0.009662,negative
Ukr Pravda,99,Росіяни прицільно атакували дроном поліцейське авто на Сумщині,https://www.pravda.com.ua/news/2026/04/13/8029953/,2026-04-13T14:46+02:00,politics,63,1,4,-0.047619,negative
Ukr Pravda,100,В Австралії підлітка вчиняла злочини заради популярності в соцмережах: їй висунули 109 звинувачень,https://life.pravda.com.ua/society/v-avstraliji-13-richniy-divchini-visunuli-109-zvinuvachen-314382,2026-04-13T14:47+02:00,life,215,0,4,-0.018605,negative
Ukr Pravda,101,"Уряд захистив права на технології, які закуповує держава",https://epravda.com.ua/biznes/uryad-zahistiv-prava-na-tehnologiji-yaki-zakupovuye-derzhava-820351/,2026-04-13T14:53+02:00,economics,241,6,0,0.024896,positive
Ukr Pravda,102,"""Козачка"" у джазі: гурт МОВА переспівав українську естрадну пісню",https://life.pravda.com.ua/culture/gurt-mova-predstaviv-dzhazovu-versiyu-kozachki-hita-90-h-314381,2026-04-13T15:01+02:00,life,184,1,0,0.005435,positive
Ukr Pravda,103,Китайський гуманоїд Unitree майже досяг швидкості олімпійського рекордсмена,https://mezha.ua/news/unitree-h1-speed-310268,2026-04-13T15:10+02:00,technologies,147,1,0,0.006803,positive
Ukr Pravda,104,"Влаштувала на роботу ""мертвих душ"": керівниці дитсадка на Київщині оголосили підозру",https://life.pravda.com.ua/society/u-sadochku-na-kijivshchini-direktorka-vzyala-na-robotu-mertvih-dush-314379,2026-04-13T15:25+02:00,life,134,0,1,-0.007463,negative
Ukr Pravda,105,Дрони атакували хімзавод у Росії,https://www.pravda.com.ua/news/2026/04/13/8029962/,2026-04-13T15:42+02:00,politics,123,1,0,0.00813,positive
Ukr Pravda,106,Уряд виділив 700 млн грн на оновлення шкільних класів: які заклади їх отримають,https://life.pravda.com.ua/society/uryad-vidiliv-700-mln-grn-na-onovlennya-klasiv-u-shkolah-314383,2026-04-13T16:00+02:00,life,122,2,0,0.016393,positive
Ukr Pravda,107,"""Недружня країна"": Кремль відмовився вітати Мадяра з перемогою",https://www.pravda.com.ua/news/2026/04/13/8029973/,2026-04-13T16:31+02:00,politics,117,3,2,0.008547,positive
Ukr Pravda,108,Незаконна приватизація комунальної нерухомості: посадовцю КМДА вручили підозру,https://epravda.com.ua/biznes/nezakonna-privatizaciya-komunalnoji-neruhomosti-posadovcyu-kmda-vruchili-pidozru-820361,2026-04-13T16:58+02:00,economics,215,0,0,0.0,neutral
Ukr Pravda,109,У Франції розіграють картину Пікассо у благодійній лотереї за 100 євро,https://life.pravda.com.ua/culture/u-franciji-rozigrayut-kartinu-pikasso-na-blagodiyniy-lotereji-za-100-yevro-314380,2026-04-13T17:00+02:00,life,130,0,0,0.0,neutral
Ukr Pravda,110,"Роками ґвалтував, а в суді попросив ""знову бути родиною"": киянин отримав довічне",https://www.pravda.com.ua/news/2026/04/13/8029976/,2026-04-13T17:14+02:00,politics,203,1,0,0.004926,positive
Ukr Pravda,111,Окупанти атакували дронами Богодухів: постраждала дитина,https://www.pravda.com.ua/news/2026/04/13/8029977/,2026-04-13T17:20+02:00,politics,74,1,3,-0.027027,negative
Ukr Pravda,112,60% дітей в Австралії все ще мають доступ до соцмереж попри заборону,https://life.pravda.com.ua/society/60-ditey-v-avstraliji-zmogli-obiyti-zaboronu-socmerezh-314385,2026-04-13T17:27+02:00,life,142,4,0,0.028169,positive
Ukr Pravda,113,Meta створює ШІ-клона Марка Цукерберга – Financial Times,https://mezha.ua/news/meta-rozroblyaye-shi-versiyu-marka-cukerberga-310273,2026-04-13T17:28+02:00,technologies,118,0,0,0.0,neutral
Ukr Pravda,114,На Харківщині 20-річна жінка прийшла з немовлям до знайомих та вчинила сварку: малюка вилучили,https://life.pravda.com.ua/society/na-harkivshchini-u-20-richnoji-materi-viluchili-malyuka-cherez-p-yanu-svarku-314387,2026-04-13T17:45+02:00,life,116,0,1,-0.008621,negative
Ukr Pravda,115,"Мадяр розповів, як бачить ситуацію з 90 млрд євро кредиту ЄС для України",https://www.pravda.com.ua/news/2026/04/13/8029983/,2026-04-13T17:46+02:00,politics,179,2,1,0.005587,positive
Ukr Pravda,116,Єврокомісія розпочала процедуру заморожування коштів для Венеційської бієнале через участь РФ,https://life.pravda.com.ua/culture/yevrokomisiya-vimagaye-virishiti-pitannya-z-rosiyskim-pavilyonom-na-veneciyskiy-biyenale-314386,2026-04-13T18:08+02:00,life,304,1,0,0.003289,positive
Ukr Pravda,117,Поблизу селища Миропільського на кордоні з РФ українські бійці відійшли на нові рубежі,https://www.pravda.com.ua/news/2026/04/13/8029985/,2026-04-13T18:11+02:00,politics,90,0,0,0.0,neutral
Ukr Pravda,118,"У Раді зареєстрували законопроєкт, який має здешевити іпотечні кредити",https://epravda.com.ua/biznes/u-radi-zareyestruvali-zakonoproyekt-yakiy-maye-zdesheviti-ipotechni-krediti-820363,2026-04-13T18:12+02:00,economics,186,5,0,0.026882,positive
Ukr Pravda,119,Кейс Ліберових: що відомо про скандальні фото з Херсона та обурення в медіа,https://life.pravda.com.ua/society/liberovi-znimali-zagiblih-u-hersoni-bez-dozvolu-zmi-314389,2026-04-13T18:14+02:00,life,496,3,4,-0.002016,negative
Ukr Pravda,120,"Стояти можна, поспішати – ні: як правильно їсти без шкоди для шлунка",https://life.pravda.com.ua/health/likar-rozpovila-chim-naspravdi-shkidlive-harchuvannya-na-hodu-314364,2026-04-13T18:40+02:00,life,205,0,0,0.0,neutral
Ukr Pravda,121,"У СБС підтвердили, що вдарили по російському хімзаводу в Череповці",https://www.pravda.com.ua/news/2026/04/13/8029990/,2026-04-13T19:00+02:00,politics,69,0,0,0.0,neutral
Ukr Pravda,122,"Чому неконтрольований сміх так важко стримати? Вчені пояснили, що відбувається в мозку",https://life.pravda.com.ua/health/chomu-nekontrolovaniy-smih-mayzhe-nemozhlivo-zupiniti-314365,2026-04-13T19:05+02:00,life,214,0,0,0.0,neutral
Ukr Pravda,123,"64 тисячі українських держслужбовців декларують ""бездомність"" – ЗМІ",https://epravda.com.ua/biznes/64-tisyach-ukrajinskih-derzhsluzhbovciv-deklaruyut-bezdomnist-zmi-820365,2026-04-13T19:05+02:00,economics,207,2,2,0.0,neutral
Ukr Pravda,124,"Через атаки РФ на Херсонщину загинули 2 людей, ще 8 поранені",https://www.pravda.com.ua/news/2026/04/13/8029993/,2026-04-13T19:19+02:00,politics,151,1,8,-0.046358,negative
Ukr Pravda,125,"Ліберов відповів на обурення щодо фото з Херсона: ""Не отримували заборони від матері загиблого""",https://life.pravda.com.ua/society/kostyantin-liberov-vidpoviv-na-kritiku-shchodo-foto-u-hersoni-314391,2026-04-13T19:20+02:00,life,304,3,3,0.0,neutral
Ukr Pravda,126,В 2025 році в Естонії затримали рекордну кількість російських агентів,https://www.pravda.com.ua/news/2026/04/13/8029997/,2026-04-13T19:43+02:00,politics,198,4,1,0.015152,positive
Ukr Pravda,127,"Болю може не бути, а вагітність його не лікує: 10 міфів про ендометріоз",https://life.pravda.com.ua/health/10-mifiv-pro-endometrioz-314357,2026-04-13T19:50+02:00,life,584,9,0,0.015411,positive
Ukr Pravda,128,"Окупанти атакували дронами Куп’янщину: загинула 74-річна жінка, троє постраждали",https://www.pravda.com.ua/news/2026/04/13/8029998/,2026-04-13T19:56+02:00,politics,94,0,6,-0.06383,negative
Ukr Pravda,129,"ЛНЗ та ""Шахтар"" не виявили переможця в матчі лідерів чемпіонату України з футболу",https://champion.com.ua/ukr/football/lnz-shahtar-rezultat-matchu-23-turu-upl-1069988,2026-04-13T20:19+02:00,sport,194,0,1,-0.005155,negative
Ukr Pravda,130,Лідера гурту Massive Attack заарештували на протесті на підтримку Палестини,https://life.pravda.com.ua/culture/lidera-gurtu-massive-attack-zaareshtuvali-na-protesti-na-pidtrimku-palestini-314390,2026-04-13T20:21+02:00,life,188,2,1,0.005319,positive
Ukr Pravda,131,Зеленський: Україна створила потужну оборонну індустрію і змінює модель співпраці,https://www.pravda.com.ua/news/2026/04/13/8030003/,2026-04-13T20:41+02:00,politics,196,5,1,0.020408,positive
Ukr Pravda,132,"Трамп каже, що телефонували з Ірану і ""дуже хочуть укласти угоду""",https://www.pravda.com.ua/news/2026/04/13/8030000/,2026-04-13T20:49+02:00,politics,113,0,1,-0.00885,negative
Ukr Pravda,133,"Світоліна – сьома, Костюк опустилась на сходинку в оновленому рейтингу WTA",https://champion.com.ua/ukr/tennis/tenis-reyting-wta-svitolina-zalishilasya-somoyu-kostyuk-opustilasya-1069947,2026-04-13T20:56+02:00,sport,139,0,0,0.0,neutral
Ukr Pravda,134,"Вікна немов очі, а двері – як рот: чому наша уява домальовує звичайним предметам людські риси",https://life.pravda.com.ua/society/vcheni-vidpovili-chomu-mi-bachimo-oblichchya-v-nezhivih-predmetah-314351,2026-04-13T21:12+02:00,life,271,1,0,0.00369,positive
Ukr Pravda,135,"Президент США пояснив своє ШІ-зображення у вигляді Ісуса: каже, що це був ""лікар""",https://www.pravda.com.ua/news/2026/04/13/8030005/,2026-04-13T21:15+02:00,politics,126,0,0,0.0,neutral
Ukr Pravda,136,Трамп відмовився перепрошувати перед Папою Левом XIV і знову його розкритикував,https://www.pravda.com.ua/news/2026/04/13/8030006/,2026-04-13T21:21+02:00,politics,137,1,0,0.007299,positive
Ukr Pravda,137,Росіяни атакували дроном бригаду екстреної допомоги у Херсоні: постраждали двоє медиків,https://www.pravda.com.ua/news/2026/04/13/8030009/,2026-04-13T21:41+02:00,politics,81,4,2,0.024691,positive
Ukr Pravda,138,"Збірна України з водного поло відмовилая грати проти Росії, за що отримала технічну поразку",https://champion.com.ua/ukr/water-polo/ukrajinskim-vaterpolistam-zarahuvali-tehnichnu-porazku-za-nevihid-na-match-proti-rosiji-1070003,2026-04-13T21:52+02:00,sport,77,0,1,-0.012987,negative
Ukr Pravda,139,"CNN: У Вашингтоні запевняють, що переговори з Іраном тривають",https://www.pravda.com.ua/news/2026/04/13/8030013/,2026-04-13T22:00+02:00,politics,107,0,1,-0.009346,negative
Ukr Pravda,140,Дрон РФ влучив у цивільну вантажівку на Сумщині – водій загинув,https://www.pravda.com.ua/news/2026/04/13/8030014/,2026-04-13T22:28+02:00,politics,61,0,0,0.0,neutral
Ukr Pravda,141,"У ТЦК пояснили, чому батька п’ятьох дітей з відстрочкою оштрафували на 56 тисяч гривень",https://www.pravda.com.ua/news/2026/04/13/8030015/,2026-04-13T23:00+02:00,politics,196,1,0,0.005102,positive
Ukr Pravda,142,"У МЗС призначили спецпосла з питань військовополонених, цивільних і зниклих безвісти",https://www.pravda.com.ua/news/2026/04/13/8030017/,2026-04-13T23:21+02:00,politics,117,1,0,0.008547,positive
Ukr Pravda,143,"Зеленський заявив, що Україна вперше в історії достатньо озброєна для захисту від ударів РФ",https://www.pravda.com.ua/news/2026/04/13/8030018/,2026-04-13T23:42+02:00,politics,148,1,1,0.0,neutral
Ukr Pravda,144,Генштаб: На фронті відбулось 104 бойових зіткнення від початку доби,https://www.pravda.com.ua/news/2026/04/13/8030019/,2026-04-13T23:49+02:00,politics,233,0,6,-0.025751,negative
Ukr Pravda,145,"Сіннер став першою ракеткою світу, Сачко залишив 200 найсильніших в оновленому рейтингу АТР",https://champion.com.ua/ukr/tennis/tenis-reyting-atr-sinner-povernuvsya-na-vershinu-sachko-vtrativ-poziciji-1069948,2026-04-13T23:57+02:00,sport,140,0,0,0.0,neutral
